english,spanish,gemma3:4b-it-qat,score
Highest price,Precio descendente,Mayor precio,0.6151
Red light therapy face mask to reduce wrinkles and significantly improve firmness and elasticity.,La nueva generación de máscaras faciales LED de silicona flexi-fit.,Máscara de luz roja para el rostro para reducir las arrugas e mejorar significativamente la firmeza y la elasticidad.,0.5444
Sensitive Skin,Sensitive Skin,Piel sensible,0.6763
Best-selling 2-in-1 smart facial cleansing & firming device.,Dispositivo limpiador y reafirmante facial 2 en 1 más vendido.,Dispositivo inteligente de limpieza y firmeamiento facial de venta más rápida.,0.6248
Combination Skin,Combination Skin,Piel mixta,0.7372
"Snatched skin anytime, anywhere with this travel-ready microcurrent device.",Piel deslumbrante en cualquier momento y lugar.,Piel arrebatada en cualquier momento y lugar con este dispositivo microcorriente listo para viajar.,0.4517
My orders,Mis pedidos,Mis órdenes,0.5639
GET THE CODE,CONSÍGUE EL CÓDIGO,Obtén el código,0.514
Popular Special offers Bestsellers Red light therapy,Popular Sorpresas especiales Superventas Terapia de luz roja,Ofertas especiales populares Fototerapia roja,0.6611
Bestsellers,Superventas,Bestsellers,0.7567
"Swedish beauty routine Facial cleansing LUNA™ 4 Anti-aging massage LUNA™ 4 plus Anti-aging massage, LED heating LUNA™ 4 MEN For men, anti-aging massage LUNA™ 4 mini For young skin, T-zone LUNA™ 4 go For travel or gym bag LUNA™ skincare Premium cleansers & balm LUNA™ devices All facial cleansing devices Facelift BEAR™ 2 Microcurrent toning device BEAR™ 2 go Microcurrent toning on-the-go BEAR™ 2 eyes & lips Microcurrent line smoothing device Facelift skincare Premium anti-aging skincare BEAR™ devices All premium facelift devices Hydration UFO™ 3 Deep facial hydration device UFO™ 3 LED Near-infrared and red light therapy device UFO™ 3 mini Red light therapy device for young skin UFO™ 3 go Portable red light therapy Masks Rejuvenation & hydration UFO™ devices All deep facial hydration devices Oral care issa™ 4 Hybrid silicone sonic toothbrush issa™ 4 plus Smart hybrid silicone sonic toothbrush issa™ 4 smile Hybrid silicone sonic toothbrush issa™ 4 baby For ages 0-3 ISSA™ devices All silicone sonic toothbrushes","RUTINA SUECAS DE BELLEZA Limpieza facial LUNA™ 4 Masaje antiedad LUNA™ 4 Plus Masaje antiedad y calor LED LUNA™ 4 Men Masaje antiedad para hombres LUNA™ 4 mini Zona-T, para piel joven LUNA™ 4 go Para llevar siempre contigo Cuidado de la piel LUNA™ Limpiadores y bálsamos faciales premium Dispositivos LUNA™ Todos los dispositivos de limpieza facial Lifting facial BEAR™ 2 Tonificador facial de microcorrientes BEAR™ 2 go Tonificación con microcorrientes sobre la marcha BEAR™ 2 eyes & lips Dispositivo rejuvenecedor de microcorrientes Lifting facial Cuidado de la piel antiedad Dispositivos BEAR™ Todos los dispositivos de lifting facial premium Hidratación UFO™ 3 Dispositivo de hidratación facial profunda UFO™ 3 LED Dispositivo LED para una hidratación facial profunda UFO™ 3 mini Hidratación facial profunda para piel joven UFO™ 3 go Hidratación facial profunda sobre la marcha Mascarillas Rejuvenecimiento e hidratación Dispositivos UFO™ Todos los dispositivos de hidratación facial profunda Cuidado bucal issa™ 4 Cepillo de dientes sónico híbrido de silicona issa™ 4 plus Cepillo de dientes sónico híbrido de silicona inteligente issa™ 4 smile Cepillo de dientes sónico híbrido de silicona issa™ 4 baby Para niños de 0 a 3 años Dispositivos ISSA™ Todos los cepillos de dientes sónicos de silicona","Rutina de belleza sueca Limpieza facial LUNA™ 4 Masaje anti-edad LUNA™ 4 plus Masaje anti-edad, calefacción LED LUNA™ 4 MEN Para hombres, masaje anti-edad LUNA™ 4 mini Para piel joven, T-zona LUNA™ 4 go Para viajar o bolsa de gimnasio Cuidado facial LUNA™ Limpiadores y bálsamo premium Dispositivos LUNA™ Todos los dispositivos de limpieza facial",0.6262
"Facial cleansing LUNA™ 4 Anti-aging massage LUNA™ 4 plus Anti-aging massage, LED heating LUNA™ 4 MEN For men, anti-aging massage LUNA™ 4 mini For young skin, T-zone LUNA™ 4 go For travel or gym bag LUNA™ skincare Premium cleansers & balm LUNA™ devices All facial cleansing devices","Limpieza facial LUNA™ 4 Masaje antiedad LUNA™ 4 Plus Masaje antiedad y calor LED LUNA™ 4 Men Masaje antiedad para hombres LUNA™ 4 mini Zona-T, para piel joven LUNA™ 4 go Para llevar siempre contigo Cuidado de la piel LUNA™ Limpiadores y bálsamos faciales premium Dispositivos LUNA™ Todos los dispositivos de limpieza facial","Limpieza facial LUNA™ 4 Masaje anti-edad LUNA™ 4 plus Masaje anti-edad, LED de calentamiento LUNA™ 4 MEN Para hombres, masaje anti-edad LUNA™ 4 mini Para piel joven, T-zona LUNA™ 4 go Para viajar o bolso de gimnasio Productos de cuidado facial LUNA™ dispositivos Todas las máquinas de limpieza facial",0.7954
Facelift BEAR™ 2 Microcurrent toning device BEAR™ 2 go Microcurrent toning on-the-go BEAR™ 2 eyes & lips Microcurrent line smoothing device Facelift skincare Premium anti-aging skincare BEAR™ devices All premium facelift devices,Lifting facial BEAR™ 2 Tonificador facial de microcorrientes BEAR™ 2 go Tonificación con microcorrientes sobre la marcha BEAR™ 2 eyes & lips Dispositivo rejuvenecedor de microcorrientes Lifting facial Cuidado de la piel antiedad Dispositivos BEAR™ Todos los dispositivos de lifting facial premium,Facelift BEAR™ 2 dispositivo de tonificación microcorriente BEAR™ 2 en movimiento Microcorriente de tonificación en el momento Microcorriente para los ojos y los labios Dispositivo de alisado de líneas Facelift cuidado de la piel Premium cuidado antienvejecimiento cuidado de la piel BEAR™ dispositivos Todos los dispositivos premium de facelift,0.7381
BEAR™ 2 go Microcurrent toning on-the-go,BEAR™ 2 go Tonificación con microcorrientes sobre la marcha,BEAR™ 2 go Tonificación con microcorriente en cualquier lugar,0.7912
BEAR™ 2 eyes & lips Microcurrent line smoothing device,BEAR™ 2 eyes & lips Dispositivo rejuvenecedor de microcorrientes,BEAR™ 2 ojos y labios dispositivo de microcorriente para suavizar la piel.,0.7271
Facelift skincare Premium anti-aging skincare,Lifting facial Cuidado de la piel antiedad,Facelift skincare Premium anti-envejecimiento skincare,0.7904
BEAR™ devices All premium facelift devices,Dispositivos BEAR™ Todos los dispositivos de lifting facial premium,Dispositivos de rejuvenecimiento facial premium BEAR™,0.7778
Hydration UFO™ 3 Deep facial hydration device UFO™ 3 LED Near-infrared and red light therapy device UFO™ 3 mini Red light therapy device for young skin UFO™ 3 go Portable red light therapy Masks Rejuvenation & hydration UFO™ devices All deep facial hydration devices,Hidratación UFO™ 3 Dispositivo de hidratación facial profunda UFO™ 3 LED Dispositivo LED para una hidratación facial profunda UFO™ 3 mini Hidratación facial profunda para piel joven UFO™ 3 go Hidratación facial profunda sobre la marcha Mascarillas Rejuvenecimiento e hidratación Dispositivos UFO™ Todos los dispositivos de hidratación facial profunda,Hidratación UFO™ 3 Dispositivo facial de hidratación profunda UFO™ 3 Dispositivo de terapia LED de infrarrojos y luz roja UFO™ 3 Mini dispositivo de terapia de luz roja para piel joven UFO™ 3 Ir dispositivos de hidratación profunda UFO™,0.6885
UFO™ 3 LED Near-infrared and red light therapy device,UFO™ 3 LED Dispositivo LED para una hidratación facial profunda,UFO™ 3 dispositivo de terapia con luz infrarroja y roja.,0.6337
UFO™ 3 mini Red light therapy device for young skin,UFO™ 3 mini Hidratación facial profunda para piel joven,UFO™ 3 mini dispositivo de terapia de luz roja para la piel joven,0.7777
UFO™ 3 go Portable red light therapy,UFO™ 3 go Hidratación facial profunda sobre la marcha,UFO™ 3 go Portable luz roja terapia,0.5789
Oral care issa™ 4 Hybrid silicone sonic toothbrush issa™ 4 plus Smart hybrid silicone sonic toothbrush issa™ 4 smile Hybrid silicone sonic toothbrush issa™ 4 baby For ages 0-3 ISSA™ devices All silicone sonic toothbrushes,Cuidado bucal issa™ 4 Cepillo de dientes sónico híbrido de silicona issa™ 4 plus Cepillo de dientes sónico híbrido de silicona inteligente issa™ 4 smile Cepillo de dientes sónico híbrido de silicona issa™ 4 baby Para niños de 0 a 3 años Dispositivos ISSA™ Todos los cepillos de dientes sónicos de silicona,Cuidado bucal issa™ 4 cepillo de dientes sonic híbrido de silicona issa™ 4 plus cepillo de dientes sonic híbrido de silicona issa™ 4 sonrisa Cepillo de dientes sonic híbrido de silicona issa™ 4 bebé Para edades de 0 a 3 Dispositivos issa™ Todos los cepillos de dientes sonic de silicona,0.7066
ISSA™ devices All silicone sonic toothbrushes,Dispositivos ISSA™ Todos los cepillos de dientes sónicos de silicona,ISSA™ dispositivos Cepillos dentales sonicos de silicona para todo,0.7472
FAQ™ anti-aging treatments Anti-aging FAQ™ 101 Clinical anti-aging FAQ™ 102 Advanced clinical anti-aging FAQ™ 103 Luxurious clinical anti-aging set FAQ™ P1 Primer Manuka honey primer FAQ™ skincare All FAQ™ skincare FAQ™ products All anti-aging treatments LED treatments NEW FAQ™ Dual LED Panel For anti-aging & blemishes FAQ™ LED Panel For anti-aging & blemishes FAQ™ 201 Anti-aging LED mask FAQ™ 202 Advanced anti-aging LED mask FAQ™ 211 Anti-aging neck & décolleté LED mask FAQ™ 221 Anti-aging LED hand mask FAQ™ skincare All FAQ™ skincare FAQ™ products All LED treatments Hair regrowth FAQ™ 301 LED hair strengthening scalp massager FAQ™ Scalp Serum Scalp recovery probiotic serum FAQ™ skincare All FAQ™ skincare FAQ™ products All hair treatments Face & body toning NEW FAQ™ 401 Dual microcurrent LED FAQ™ 402 Dual microcurrent NIR + red LED FAQ™ 411 Body microcurrent red LED FAQ™ Body Sculpt Serum Conductive body serum FAQ™ skincare All FAQ™ skincare FAQ™ products All toning treatments Skin rejuvenation NEW FAQ™ 501 Full-Spectrum Red Light Therapy FAQ™ 502 Full-Spectrum Red Light Therapy FAQ™ Red Light Serum FAQ™ skincare All FAQ™ skincare FAQ™ products All toning treatments,Tratamiento antiedad FAQ™ Antiedad FAQ™ 101 Antiedad de nivel clínico FAQ™ 102 Antiedad avanzada de nivel clínico FAQ™ 103 Exclusivo set antiedad de nivel clínico FAQ™ P1 Primer Base de miel de manuka FAQ™ Cuidado de la piel FAQ™ cuidado de la piel FAQ™ productos Tratamientos antiedad Tratamientos LED NUEVO FAQ™ Dual LED Panel Tratamiento anti-edad y anti-imperfecciones FAQ™ LED Panel Tratamiento anti-edad y anti-imperfecciones FAQ™ 201 Mascarilla LED antiedad FAQ™ 202 Mascarilla LED antiedad avanzada FAQ™ 211 Anti-aging neck & décolleté LED mask FAQ™ 221 Anti-aging LED hand mask FAQ™ Cuidado de la piel FAQ™ cuidado de la piel FAQ™ productos Tratamientos LED Crecimiento del cabello FAQ™ 301 Masajeador para fortalecer el cabello FAQ™ Scalp Serum Sérum para cabello y cuero cabelludo FAQ™ Cuidado de la piel FAQ™ cuidado de la piel FAQ™ productos Todos los tratamientos capilares Tonificación LED NUEVO FAQ™ 401 Microcorrientes duales LED FAQ™ 402 Microcorrientes duales + NIR y LED rojo FAQ™ 411 Microcorrientes para cuerpo + LED rojo FAQ™ Body Sculpt Serum Sérum conductor para cuerpo FAQ™ Cuidado de la piel Todo cuidado de la piel FAQ™ FAQ™ productos Todos los tratamientos tonificantes Rejuvenecimiento cutáneo NUEVO FAQ™ 501 Terapia de luz roja de espectro completo FAQ™ 502 Terapia de Luz Roja de Espectro Completo FAQ™ Red Light Serum FAQ™ skincare All FAQ™ skincare FAQ™ products All toning treatments,Preguntas frecuentes™ tratamientos anti-edad Preguntas frecuentes™ anti-edad 101 Preguntas frecuentes™ anti-edad clínicas 102 Preguntas frecuentes™ anti-edad clínicas avanzadas 103 Conjunto de tratamientos anti-edad de lujo Preguntas frecuentes™ P1 Primer de miel de Manuka skincare Preguntas frecuentes™ skincare Preguntas frecuentes™ productos skincare Todos los tratamientos anti-edad Tratamientos LED Preguntas frecuentes™ Nuevo™ Panel LED Dual Para anti-,0.5365
Anti-aging FAQ™ 101 Clinical anti-aging FAQ™ 102 Advanced clinical anti-aging FAQ™ 103 Luxurious clinical anti-aging set FAQ™ P1 Primer Manuka honey primer FAQ™ skincare All FAQ™ skincare FAQ™ products All anti-aging treatments,Antiedad FAQ™ 101 Antiedad de nivel clínico FAQ™ 102 Antiedad avanzada de nivel clínico FAQ™ 103 Exclusivo set antiedad de nivel clínico FAQ™ P1 Primer Base de miel de manuka FAQ™ Cuidado de la piel FAQ™ cuidado de la piel FAQ™ productos Tratamientos antiedad,Preguntas frecuentes antienvejecimiento™ 101 Preguntas frecuentes antienvejecimiento™ 102 Preguntas frecuentes antienvejecimiento™ 103 Conjunto antienvejecimiento™ de lujo Preguntas frecuentes sobre el primer Manuka honey Primer Preguntas frecuentes sobre el cuidado de la piel Preguntas frecuentes sobre los productos Preguntas frecuentes sobre los tratamientos antienvejecimiento,0.5703
FAQ™ 101 Clinical anti-aging,FAQ™ 101 Antiedad de nivel clínico,Preguntas frecuentes™ 101 Anti-edad clínico,0.7086
FAQ™ 102 Advanced clinical anti-aging,FAQ™ 102 Antiedad avanzada de nivel clínico,Preguntas frecuentes™ 102 Avanzado anti-edad clínico,0.7205
FAQ™ 103 Luxurious clinical anti-aging set,FAQ™ 103 Exclusivo set antiedad de nivel clínico,Preguntas frecuentes™ 103 Conjunto clínico antienvejecimiento lujoso,0.6847
FAQ™ P1 Primer Manuka honey primer,FAQ™ P1 Primer Base de miel de manuka,Preguntas frecuentes™ P1 Primer de miel de Manuka,0.741
FAQ™ skincare All FAQ™ skincare,FAQ™ Cuidado de la piel FAQ™ cuidado de la piel,Preguntas frecuentes™ cuidado de la piel,0.7915
LED treatments NEW FAQ™ Dual LED Panel For anti-aging & blemishes FAQ™ LED Panel For anti-aging & blemishes FAQ™ 201 Anti-aging LED mask FAQ™ 202 Advanced anti-aging LED mask FAQ™ 211 Anti-aging neck & décolleté LED mask FAQ™ 221 Anti-aging LED hand mask FAQ™ skincare All FAQ™ skincare FAQ™ products All LED treatments,Tratamientos LED NUEVO FAQ™ Dual LED Panel Tratamiento anti-edad y anti-imperfecciones FAQ™ LED Panel Tratamiento anti-edad y anti-imperfecciones FAQ™ 201 Mascarilla LED antiedad FAQ™ 202 Mascarilla LED antiedad avanzada FAQ™ 211 Anti-aging neck & décolleté LED mask FAQ™ 221 Anti-aging LED hand mask FAQ™ Cuidado de la piel FAQ™ cuidado de la piel FAQ™ productos Tratamientos LED,Tratamientos LED NUEVAS Preguntas Frecuentes™ Panel LED Dual Para el antienvejecimiento y las imperfecciones Preguntas Frecuentes™ Panel LED Para el antienvejecimiento y las imperfecciones Preguntas Frecuentes™ Máscara LED Antienvejecimiento 201 Preguntas Frecuentes™ Máscara LED Antienvejecimiento Avanzada 202 Preguntas Frecuentes™ Máscara LED Ant,0.5254
FAQ™ Dual LED Panel For anti-aging & blemishes,FAQ™ Dual LED Panel Tratamiento anti-edad y anti-imperfecciones,Preguntas frecuentes™ Panel LED Dual Para el anti-edad y las manchas,0.6799
FAQ™ LED Panel For anti-aging & blemishes,FAQ™ LED Panel Tratamiento anti-edad y anti-imperfecciones,Preguntas frecuentes™ Panel LED Para el anti-edad y las manchas,0.6528
FAQ™ 211 Anti-aging neck & décolleté LED mask,FAQ™ 211 Anti-aging neck & décolleté LED mask,Preguntas frecuentes™ 211 mascarilla LED antiedad para cuello y escote,0.6689
FAQ™ 221 Anti-aging LED hand mask,FAQ™ 221 Anti-aging LED hand mask,Preguntas frecuentes™ 221 Máscara LED anti-edad para las manos,0.7431
FAQ™ products All LED treatments,FAQ™ productos Tratamientos LED,Preguntas frecuentes™ productos Todos los tratamientos LED,0.7934
Hair regrowth FAQ™ 301 LED hair strengthening scalp massager FAQ™ Scalp Serum Scalp recovery probiotic serum FAQ™ skincare All FAQ™ skincare FAQ™ products All hair treatments,Crecimiento del cabello FAQ™ 301 Masajeador para fortalecer el cabello FAQ™ Scalp Serum Sérum para cabello y cuero cabelludo FAQ™ Cuidado de la piel FAQ™ cuidado de la piel FAQ™ productos Todos los tratamientos capilares,Preguntas frecuentes sobre el crecimiento del cabello™ Preguntas frecuentes sobre el fortalecimiento del cuero cabelludo con 301 LED y masajeador de cuero cabelludo™ Preguntas frecuentes sobre serum para el cuero cabelludo™ Preguntas frecuentes sobre serum de recuperación para el cuero cabelludo™ Preguntas frecuentes sobre cuidado de la piel™ Preguntas frecuentes sobre cuidado de la piel™ productos Todos los tratamientos para el cabello,0.6025
FAQ™ 301 LED hair strengthening scalp massager,FAQ™ 301 Masajeador para fortalecer el cabello,Preguntas frecuentes™ Masajeador de cuero cabelludo con 301 LEDs para fortalecer el cabello.,0.7123
FAQ™ Scalp Serum Scalp recovery probiotic serum,FAQ™ Scalp Serum Sérum para cabello y cuero cabelludo,Preguntas frecuentes™ Serum para el cuero cabelludo Serum de recuperación probiótico para el cuero cabelludo,0.602
Face & body toning NEW FAQ™ 401 Dual microcurrent LED FAQ™ 402 Dual microcurrent NIR + red LED FAQ™ 411 Body microcurrent red LED FAQ™ Body Sculpt Serum Conductive body serum FAQ™ skincare All FAQ™ skincare FAQ™ products All toning treatments,Tonificación LED NUEVO FAQ™ 401 Microcorrientes duales LED FAQ™ 402 Microcorrientes duales + NIR y LED rojo FAQ™ 411 Microcorrientes para cuerpo + LED rojo FAQ™ Body Sculpt Serum Sérum conductor para cuerpo FAQ™ Cuidado de la piel Todo cuidado de la piel FAQ™ FAQ™ productos Todos los tratamientos tonificantes,Face & body toning NUEVA Preguntas Frecuentes™ 401 Dual microcorriente LED Preguntas Frecuentes™ 402 Dual microcorriente NIR + LED rojo LED Preguntas Frecuentes™ 411 Microcorriente corporal LED rojo LED Preguntas Frecuentes™ Serum de escultura corporal Serum conductor corporal Preguntas Frecuentes™ cuidado de la piel Todas las Preguntas Frecuentes™ cuidado de la piel Preg,0.5775
FAQ™ 401 Dual microcurrent LED,FAQ™ 401 Microcorrientes duales LED,Preguntas frecuentes™ 401 Dual microcorriente LED,0.7866
FAQ™ 411 Body microcurrent red LED,FAQ™ 411 Microcorrientes para cuerpo + LED rojo,Preguntas frecuentes™ 411 Cuerpo microcorriente LED rojo,0.7334
FAQ™ Body Sculpt Serum Conductive body serum,FAQ™ Body Sculpt Serum Sérum conductor para cuerpo,Preguntas frecuentes Serum corporal conductor,0.4753
FAQ™ skincare All FAQ™ skincare,FAQ™ Cuidado de la piel Todo cuidado de la piel FAQ™,Preguntas frecuentes™ cuidado de la piel,0.7927
FAQ™ products All toning treatments,FAQ™ productos Todos los tratamientos tonificantes,Preguntas frecuentes™ Productos todos los tratamientos de tonificación,0.73
Skin rejuvenation NEW FAQ™ 501 Full-Spectrum Red Light Therapy FAQ™ 502 Full-Spectrum Red Light Therapy FAQ™ Red Light Serum FAQ™ skincare All FAQ™ skincare FAQ™ products All toning treatments,Rejuvenecimiento cutáneo NUEVO FAQ™ 501 Terapia de luz roja de espectro completo FAQ™ 502 Terapia de Luz Roja de Espectro Completo FAQ™ Red Light Serum FAQ™ skincare All FAQ™ skincare FAQ™ products All toning treatments,Skin rejuvenation NUEVA Pregunta Frecuente™ 501 Tratamiento con Luz Roja de Espectro Completo Pregunta Frecuente™ 502 Tratamiento con Luz Roja de Espectro Completo Pregunta Frecuente™ Serum de Luz Roja cuidado de la piel Todas las Preguntas Frecuentes™ cuidado de la piel Preguntas Frecuentes™ productos Todos los tratamientos de contorno,0.5713
FAQ™ 502 Full-Spectrum Red Light Therapy,FAQ™ 502 Terapia de Luz Roja de Espectro Completo,Preguntas frecuentes™ 502 Terapia con luz roja de espectro completo,0.7845
FAQ™ Red Light Serum,FAQ™ Red Light Serum,Preguntas frecuentes Red Light Serum,0.7213
FAQ™ skincare All FAQ™ skincare,FAQ™ skincare All FAQ™ skincare,Preguntas frecuentes™ cuidado de la piel,0.6529
FAQ™ products All toning treatments,FAQ™ products All toning treatments,Preguntas frecuentes™ Productos de todos los tratamientos de tonificación,0.6344
Specialized treatments Hair removal NEW PEACH™ 2 Pro Max Professional IPL hair removal device PEACH™ 2 IPL hair removal PEACH™ 2 go Travel-friendly IPL hair removal PEACH™ Cooling Prep Gel Cooling IPL hair removal gel Body care BEAR™ 2 body Microcurrent body toning LUNA™ 4 body Massaging body brush SUPERCHARGED™ serum Firming body serum Acne ESPADA™ 2 plus Recurring acne LED therapy ESPADA™ 2 Acne treatment device ESPADA™ Blemish Solution Concentrated acne gel ESPADA™ devices All acne treatment devices Eye care BEAR™ 2 eyes & lips Microcurrent line smoothing device IRIS™ 2 Rejuvenating eye massager Eye skincare Advanced eye care treatment Eye care devices All revitalizing eye massagers Pore care KIWI™ derma Diamond microdermabrasion KIWI™ Blackhead remover KIWI™ skincare Advanced pore care essentials Hair care LUNA™ 4 hair 2-in-1 LED scalp massager LUNA™ Dual-Peptide Scalp Serum For healthy hair,TRATAMIENTOS ESPECIALIZADOS Depilación NUEVO PEACH™ 2 Pro Max Depilación IPL de nivel profesional PEACH™ 2 Depilación IPL Luz Pulsada Intensa PEACH™ 2 go Depilación IPL de tamaño compacto PEACH™ Cooling Prep Gel Gel depilatorio IPL refrescante Cuidado corporal BEAR™ 2 body Microcurrent body toning LUNA™ 4 body Cepillo de masaje corporal SUPERCHARGED™ sérum Sérum corporal reafirmante Tratamiento contra el acné ESPADA™ 2 plus Terapia LED para eliminar el acné recurrente ESPADA™ 2 Dispositivo para el tratamiento del acné ESPADA™ Blemish Solution Gel concentrado antiacné Dispositivos ESPADA™ Todos los dispositivos para el tratamiento del acné Cuidado de tus ojos BEAR™ 2 eyes & lips Dispositivo rejuvenecedor de microcorrientes IRIS™ 2 Masajeador de ojos rejuvenecedor Cuidado para los ojos Tratamiento para el cuidado de los ojos Dispositivos para los ojos Todos los masajeadores de ojos revitalizantes Cuidado de los poros KIWI™ derma Microdermoabrasión con diamantes KIWI™ Aspirador de poros Cuidado de la piel KIWI™ Esenciales para el cuidado avanzado de los poros Cuidado del cabello LUNA™ 4 hair Masajeador LED de cuero cabelludo LUNA™ Dual-Peptide Scalp Serum Para un cabello saludable,Tratamientos especializados Depilación PEACH™ 2 Pro Max Profesional dispositivo de depilación IPL PEACH™ 2 depilación IPL PEACH™ 2 viaje PEACH™ Gel de preparación refrescante gel de depilación IPL depilación corporal cuidado corporal BEAR™ 2 microcorriente tonificación corporal LUNA™ 4 cuerpo cepillo masajeador corporal SUPERCHARGED™ serum serum reafirmante tratamiento de acné ESPADA™ 2 plus tratamiento de acné dispositivo de tratamiento de,0.585
Hair removal NEW PEACH™ 2 Pro Max Professional IPL hair removal device PEACH™ 2 IPL hair removal PEACH™ 2 go Travel-friendly IPL hair removal PEACH™ Cooling Prep Gel Cooling IPL hair removal gel,Depilación NUEVO PEACH™ 2 Pro Max Depilación IPL de nivel profesional PEACH™ 2 Depilación IPL Luz Pulsada Intensa PEACH™ 2 go Depilación IPL de tamaño compacto PEACH™ Cooling Prep Gel Gel depilatorio IPL refrescante,Eliminación de vello NUEVO PEACH™ 2 Pro Max Dispositivo profesional de eliminación de vello IPL PEACH™ 2 Eliminación de vello IPL PEACH™ 2 Viaje amigable Eliminación de vello IPL PEACH™ 2 Gel de preparación refrescante Gel de eliminación de vello IPL PEACH™ 2,0.6001
PEACH™ Cooling Prep Gel Cooling IPL hair removal gel,PEACH™ Cooling Prep Gel Gel depilatorio IPL refrescante,PEACH™ Gel de Preparación para Enfriamiento de Depilación IPL,0.7453
Body care BEAR™ 2 body Microcurrent body toning LUNA™ 4 body Massaging body brush SUPERCHARGED™ serum Firming body serum,Cuidado corporal BEAR™ 2 body Microcurrent body toning LUNA™ 4 body Cepillo de masaje corporal SUPERCHARGED™ sérum Sérum corporal reafirmante,Cuidado del cuerpo BEAR™ 2 cuerpo Microcorriente para tonificar el cuerpo LUNA™ 4 cepillo masajeador para el cuerpo SERUM SUPERCHARGED™ SERUM FIRMADOR DEL CUERPO,0.7109
BEAR™ 2 body Microcurrent body toning,BEAR™ 2 body Microcurrent body toning,BEAR™ 2 cuerpo Microcorriente tonificación corporal,0.7852
SUPERCHARGED™ serum Firming body serum,SUPERCHARGED™ sérum Sérum corporal reafirmante,Super cargado™ serum Firmado serum corporal,0.5935
Eye care BEAR™ 2 eyes & lips Microcurrent line smoothing device IRIS™ 2 Rejuvenating eye massager Eye skincare Advanced eye care treatment Eye care devices All revitalizing eye massagers,Cuidado de tus ojos BEAR™ 2 eyes & lips Dispositivo rejuvenecedor de microcorrientes IRIS™ 2 Masajeador de ojos rejuvenecedor Cuidado para los ojos Tratamiento para el cuidado de los ojos Dispositivos para los ojos Todos los masajeadores de ojos revitalizantes,"Cuidado ocular BEAR™ 2 dispositivo de alisado de línea de microcorriente para 2 ojos y labios, masajeador rejuvenecedor para los ojos IRIS™ 2, tratamiento avanzado de cuidado ocular, dispositivos de cuidado ocular, todos los masajeadores oculares revitalizantes.",0.7146
Pore care KIWI™ derma Diamond microdermabrasion KIWI™ Blackhead remover KIWI™ skincare Advanced pore care essentials,Cuidado de los poros KIWI™ derma Microdermoabrasión con diamantes KIWI™ Aspirador de poros Cuidado de la piel KIWI™ Esenciales para el cuidado avanzado de los poros,Pore care KIWI™ derma Diamond microdermoabrasión KIWI™ Removedor de comedones KIWI™ cuidado de la piel Conceptos esenciales para el cuidado de los poros,0.7842
KIWI™ Blackhead remover,KIWI™ Aspirador de poros,KIWI™ Removedor de comedones negros,0.6408
Hair care LUNA™ 4 hair 2-in-1 LED scalp massager LUNA™ Dual-Peptide Scalp Serum For healthy hair,Cuidado del cabello LUNA™ 4 hair Masajeador LED de cuero cabelludo LUNA™ Dual-Peptide Scalp Serum Para un cabello saludable,Cuidado del cabello LUNA™ 4 cabello masajeador de cuero cabelludo con LED LUNA™ Serum Dual-Peptide para el cuero cabelludo para un cabello sano,0.7879
More Skincare Men Shop all,MÁS Cosméticos Hombres Comprar todo,Más Cuidados de la Piel Hombre Tienda de Todo,0.4252
Skincare,Cosméticos,Cuidado de la piel,0.7069
About About The story of FOREO FOREO partnerships MYSA: Beauty & Wellbeing Journal Find your ideal FOREO device! Technologies behind Benefits Clinical Results & Expert Reviews Contact us,ACERCA DE ACERCA DE La historia de FOREO Colaboraciones de FOREO MYSA: blog de belleza y bienestar ¡Encuentra tu dispositivo FOREO ideal! Tecnologías y resultados Resultados clínicos y opiniones de expertos Contacta con nosotros,Sobre Sobre La historia de FOREO FOREO colaboraciones MYSA: Belleza y Bienestar Diario Encuentra tu dispositivo FOREO ideal! Tecnologías detrás Beneficios Resultados Clínicos y Reseñas Expertas Contacta con nosotros,0.754
About,ACERCA DE,Sobre,0.6412
FOREO partnerships,Colaboraciones de FOREO,ASOCIACIONES FOREO,0.6258
MYSA: Beauty & Wellbeing Journal,MYSA: blog de belleza y bienestar,MYSA: Belleza y Bienestar Diario,0.7114
Technologies behind Benefits,Tecnologías y resultados,Tecnologías detrás de Beneficios,0.7948
Hong Kong SAR China Delivery estimate: 16/10/25,RAE de Hong Kong (China) Entrega prevista 16/10/25,Estimación de entrega: 16/10/25,0.788
Uzbekistan Delivery estimate: 20/10/25,Uzbekistán Entrega prevista 20/10/25,Estimación de entrega: 20/10/25,0.7864
Love beauty innovation?,Consigue ofertas exclusivas,¿Amar la belleza la innovación?,0.4311
Contact us,Contáctanos,Contacta con nosotros,0.6897
Orders & Shipping,Pedidos y envíos,Órdenes & Envío,0.7147
Support,Ayuda,Soporte,0.6228
About,Sobre FOREO,Sobre,0.7877
AI & Affiliate News,Noticias de afiliados,AI & Affiliate News,0.7684
Become a partner,Asociados,Conviértete en socio,0.3752
Facelift,Lifting facial,Lefecto facial,0.6831
Unlock the SECRET OFFERS first.,Tenemos un GRAN SECRETO que contarte.,Desbloquea primero las OFERTAS SECRETAS.,0.6189
Pre-order & get two FAQ™ Red Light Peptide Serums.,Reserva ahora y consigue dos FAQ™ Red Light Peptide Serums de regalo.,Pre-ordena y consigue dos serums de péptidos de luz roja FAQ™.,0.6458
Near infrared & red light therapy LED face mask,Reafirma. Rejuvenece. Repara.,Máscara facial de LED con luz infrarroja y roja.,0.3622
Reduce wrinkles by 32% in just 2 weeks.,Una nueva generación de máscara LED.,Reducir las arrugas en un 32% en tan solo 2 semanas.,0.4291
"Ultra-lightweight, wireless, and made with flexi-fit silicone, FAQ™ 202 LED light therapy mask is an entirely new generation of LED mask with red light therapy. Featuring 8 different wavelengths, including near-infrared, this mask boosts collagen and tackles wrinkles, age spots, dullness, uneven tone, and texture. Walk around freely while enjoying the benefits of red light therapy.","Las máscara LED faciales de silicona FAQ™ 200 son ultraligeras, inalámbricas y se adaptan a tu rostro como una segunda piel transparente para cubrirlo de forma uniforme. La terapia LED potencia la producción de colágeno para fortalecer las diferentes capas de la piel, y estimula su proceso de curación natural. Mientras, podrás moverte libremente y seguir con tu día a día.","Máscara de terapia LED roja de nueva generación, totalmente nueva, ligera, inalámbrica y fabricada con silicona flexi-fit. Cuenta con 8 diferentes longitudes de onda, incluyendo infrarrojo cercano, y aumenta el colágeno y combate las arrugas, las manchas de la edad, el tono desigual y la textura. Camina libremente mientras disfrutas de los beneficios de la terapia roja.",0.7284
Red light therapy,Tecnología LED antiedad,Terapia de luz roja,0.5314
Red LED light helps to improve fine lines by stimulating collagen and elastin production - which are essential for maintaining youthfully firm and plump skin.,"Las 8 ondas de luz LED tratan todo tipo de problemas de la piel, como las arrugas, la pigmentación, las imperfecciones o el tono apagado. Descubre a continuación los resultados clínicos.","La luz roja LED ayuda a mejorar las líneas finas estimulando la producción de colágeno y elastina, que son esenciales para mantener la piel firme y tersa.",0.6881
600 LED light points,Cobertura de luz uniforme,600 puntos de luz LED,0.6988
FAQ™ 202 LED light therapy mask spread light evenly across your skin via 600 LED light points - ensuring the LED wavelengths evenly penetrate each millimeter of skin. 100% of users agree.,"La máscara LED FAQ™ 202 distribuye la luz uniformemente por la piel a través de 600 puntos optimizados de luz, lo que garantiza que las ondas LED penetren de forma uniforme en cada milímetro de la piel. El 100% de los usuarios están de acuerdo.",Preguntas frecuentes™ Máscara de terapia de luz LED 202 Distribuye la luz uniformemente sobre tu piel a través de 600 puntos LED - asegurando que las longitudes de onda LED penetren uniformemente cada milímetro de piel. El 100% de los usuarios están de acuerdo.,0.7925
of users report FAQ™ 202 fits their face perfectly.,de los usuarios declaró que FAQ™ 202 se adaptó perfectamente a su rostro.,los usuarios informan que la sección de preguntas frecuentes™ 202 ajusta perfectamente a su cara.,0.6625
"Ultra-lightweight, transparent and wireless, with an open eye and mouth design, and soft non-slip headband, FAQ™ 202 LED light therapy mask is unobtrusive and extremely comfortable to move around in while continuing with your day. 100% of users agree.","Ultraligera, inalámbrica y transparente, con abertura para los ojos y la boca y una cinta suave y antideslizante, FAQ™ 202 es una máscara discreta que te permite moverte cómodamente mientras continúas tu día. El 100% de los usuarios está de acuerdo.","Máscara de terapia LED 202 de luz ultraligera, transparente y inalámbrica, con un diseño de ojo y boca abiertos, y un headband suave y sin resbalar, es discreta y extremadamente cómoda de llevar mientras continúas con tu día. El 100% de los usuarios están de acuerdo.",0.7234
"FAQ™ 202 LED light therapy mask is USB rechargeable, ultra-hygienic, non-porous, easy to clean, and quick-drying. It also comes with its own display case.","FAQ™ 202 es una máscara recargable por USB, ultrahigiénica, no porosa y fácil de limpiar y de secar. Incluye un soporte expositor.","Preguntas frecuentes™ Máscara de terapia de luz LED de 202 LED es recargable por USB, ultra-higiénica, no porosa, fácil de limpiar y de secado rápido. También incluye su propio estuche.",0.7509
Significantly,Aumenta significativamente,Significativamente,0.7461
Reduces sebum by,Reduce la producción excesiva de sebo un,Reduce el sebo por,0.5805
Intended to stimulate the production of collagen & accelerate the repair of damaged skin cells.,"Penetra más profundamente que la luz LED roja para potenciar los beneficios. Mejora la apariencia de las arrugas, las manchas de la edad y la flacidez.",Diseñado para estimular la producción de colágeno y acelerar la reparación de las células de la piel dañadas.,0.7097
Intended to improve the appearance of wrinkles.,Favorece la producción de colágeno y elastina para combatir los signos de envejecimiento cutáneo. El resultado es una apariencia más joven.,Diseñado para mejorar la apariencia de las arrugas.,0.6468
Intended to improve the appearance of mild to moderate inflammatory acne.,"Elimina el acné, reduce la apariencia de las imperfecciones y previene futuras erupciones cutáneas.",Diseñado para mejorar la apariencia del acné inflamatorio leve a moderado.,0.6954
Yellow light (580 nm),Luz LED amarilla (570 nm),Luz amarilla (580 nm),0.7069
Intended to improve hyperpigmentation.,Reduce la apariencia de las manchas de la edad y la hiperpigmentación.,Diseñado para mejorar la hiperpigmentación.,0.7039
"An additional 9 LED bulbs in the forehead diamond to fade stubborn frown lines, and extra LED points.","9 LEDs adicionales en el diamante de la frente para atenuar las arrugas rebeldes del ceño, más puntos LED extra.","Nueve bombillas LED adicionales en la forma de diamante en la frente para difuminar las líneas de expresión de la frente persistentes, y puntos LED adicionales.",0.7537
FAQ™ 202 plus Pre-order,FAQ™ 202 plus Pre-order,Preguntas frecuentes™ 202 más Pre-ordenar,0.6275
600 LED light points placed in optimal locations ensure even light coverage.,"8 longitudes de ondas LED que combaten los signos avanzados de envejecimiento, la hiperpigmentación y la piel apagada.",600 puntos de luz LED ubicados en las mejores posiciones aseguran una cobertura uniforme de luz.,0.545
100% of users report FAQ™ 202 fits their face perfectly.,600 puntos de luz perfectamente ubicados para garantizar una cobertura de luz uniforme.,El 100% de los usuarios informa que la sección de Preguntas Frecuentes™ 202 le sienta a la perfección.,0.3384
"Ultra-lightweight, wireless & open eye design with non-slip headband make it easy to move around.",El 100% de los usuarios declaró que FAQ™ 202 se adaptó perfectamente a su rostro,"Ligero, inalámbrico y con diseño de ojo abierto con banda elástica antideslizante hace que sea fácil moverse.",0.4436
Pre-set treatments for specific skin concerns are available on the FAQ™ Swiss app.,"Ultraligera, sin cables, con abertura para los ojos y cinta de cabeza antideslizante para que te puedas mover fácilmente.",Los tratamientos preestablecidos para preocupaciones específicas de la piel están disponibles en la app Swiss FAQ™.,0.4815
FAQ™ 202 Silicone LED Face Mask,La aplicación FAQ™ Swiss incluye tratamientos prediseñados que tratan problemas específicos de la piel.,Preguntas frecuentes™ 202 Máscara Facial LED de Silicona,0.5174
60 mL FAQ™ Silicone Cleaning Spray,Máscara LED facial de silicona FAQ™ 202,60 mL FAQ™ Spray de Limpieza de Silicona,0.6838
Display case,Spray limpiador de silicona FAQ™ 60 ml,Estantería expositora,0.3876
Accessory pouch,Estuche,Bolsa de accesorios,0.554
USB charging cable,Bolsa de almacenamiento,Cable de carga USB,0.6656
Quick start guide,Cable USB,Guía de inicio rápido,0.5447
2-year warranty,Manual de uso,Garantía de 2 años,0.6877
FAQ™ 202 Bundle,Garantía de 2 años,Preguntas frecuentes™ 202 Bundle,0.3929
"The ultimate best-buy bundle proves that a perfect pair can change a life. An Anti-Aging LED Mask with 8 wavelengths, including NIR, serves all skin needs, tackling everything from fine lines and pigmentation to blemishes and dullness. Combine the lightweight, wire-free LED mask with the FAQ™ Red Light Peptide Serum, an all-in-one antioxidant-rich serum with Peptides, Sea Daffodil, HA, Green Tea & Cica.",FAQ™ 202 Bundle,"El paquete definitivo es lo mejor de lo mejor y demuestra que una pareja perfecta puede cambiar una vida. Una Máscara LED Anti-Edad con 8 longitudes de onda, incluyendo NIR, satisface todas las necesidades de la piel, abordando desde las líneas finas y la pigmentación hasta las imperfecciones y el opacidad. Combina la máscara LED ligera y sin cables con el suero Red Light Peptide, un suero todo en uno rico en antioxidantes con Pépt",0.3647
Clinically proven to reduce wrinkles by 32% in just 2 weeks.,"El pack definitivo y más rentable demuestra que una pareja perfecta puede cambiar tu vida. Una máscara LED antiedad con 8 longitudes de onda, incluyendo NIR, que cubre todas las necesidades de la piel, desde líneas finas y pigmentación hasta imperfecciones y falta de luminosidad. Combina esta ligera máscara LED sin cables con el sérum FAQ™ Red Light Peptide, un sérum todo en uno rico en antioxidantes con péptidos, Narciso Marino, ácido hialurónico, té verde y cica.",Clinicamente probado para reducir las arrugas en un 32% en tan solo 2 semanas.,0.4941
Reduces acne by 48% and sebum by 18% in just 2 weeks.,Mejora significativamente la firmeza y elasticidad de la piel en solo 2 semanas.,Reduce la acné en un 48% y el sebo en un 18% en solo 2 semanas.,0.6005
623 points of light placed in optimal locations ensure even light coverage.,Reduce el acné un 48 % y el sebo un 18 % en solo 2 semanas.,623 puntos de luz ubicados en óptimas posiciones aseguran una cobertura uniforme.,0.4833
"Collagen-boosting Peptides, brightening Sea Daffodil, hydrating HA, soothing Green Tea & Cica.",623 puntos de luz colocados estratégicamente aseguran una cobertura uniforme.,"Peptidos que estimulan el colágeno, narciso marino iluminador, HA hidratante, té verde y cica calmante.",0.3442
Preps and primes to optimize LED performance for best results while supporting the skin barrier.,"Péptidos que estimulan el colágeno, Narciso Marino que ilumina, ácido hialurónico que hidrata y té verde y cica que calman.",Preps y primes para optimizar el rendimiento del LED para obtener los mejores resultados mientras apoya la barrera de la piel.,0.4547
FAQ™ 202 plus Pre-order,"Prepara y potencia la piel para optimizar el rendimiento de la LED y conseguir los mejores resultados, además de proteger la barrera cutánea.",Preguntas frecuentes™ 202 más Pre-ordenar,0.2738
"The ultimate best-buy bundle proves that a perfect pair can change a life. An Anti-Aging LED Mask with 8 (NIR + 7) wavelengths and extra LEDs in the forehead diamond, serves all skin needs, tackling everything from fine lines and pigmentation to blemishes and dullness. Combine the lightweight, wire-free LED mask with the FAQ™ Red Light Peptide Serum, an all-in-one antioxidant-rich serum with Peptides, Sea Daffodil, HA, Green Tea & Cica.",FAQ™ 202 plus Pre-order,"El paquete estrella definitivo demuestra que una pareja perfecta puede cambiar una vida. Una Máscara LED Anti-Edad con 8 (NIR + 7) longitudes de onda y LEDs adicionales en la frente, cubre todas las necesidades de la piel, abordando desde las líneas finas y la pigmentación hasta las imperfecciones y el opacidad. Combina la máscara LED ligera y sin cables con el suero Red Light Peptide Serum, un suero todo en uno rico en antioxidantes",0.36
Clinically proven to improve firmness and elasticity and reduce wrinkles by 32% in just 2 weeks.,"El pack definitivo y más rentable demuestra que una pareja perfecta puede cambiar tu vida. Una máscara LED antiedad con 8 longitudes de onda (NIR + 7) y LEDs extra en el diamante de la frente, que cubre todas las necesidades de la piel, tratando desde líneas finas y pigmentación hasta imperfecciones y falta de luminosidad. Combina esta ligera máscara LED sin cables con el sérum FAQ™ Red Light Peptide, un sérum todo en uno rico en antioxidantes con péptidos, Narciso Marino, ácido hialurónico, té verde y cica.",Clinicamente probado para mejorar la firmeza y la elasticidad y reducir las arrugas en un 32% en solo 2 semanas.,0.5481
"50% stronger lights, better eye area penetration, and 9 additional LEDs to fade mid-brow frown lines",Está clínicamente probado que mejora la firmeza y elasticidad y reduce las arrugas un 32 % en solo 2 semanas.,"Luces 50% más potentes, mejor penetración en la zona de los ojos y 9 LEDs adicionales para difuminar las líneas de expresión en medio de las cejas.",0.5895
Reduces acne by 48% and sebum by 18% in just 2 weeks.,"Luces LED un 50 % más potentes, mejor penetración en el área de los ojos y 9 LEDs adicionales para atenuar las líneas del ceño medio.",Reduce el acné en un 48% y el sebo en un 18% en tan solo 2 semanas.,0.4986
634 points of light with extra forehead LEDs ensure even light coverage.,Reduce el acné un 48 % y el sebo un 18 % en solo 2 semanas.,634 puntos de luz con LEDs adicionales en la frente aseguran una cobertura de luz uniforme.,0.4405
"Collagen-boosting Peptides, brightening Sea Daffodil, hydrating HA, soothing Green Tea & Cica.",634 puntos de luz con LEDs extra en la frente aseguran una cobertura uniforme.,"Peptidos que estimulan el colágeno, diente de mar iluminador, HA hidratante, té verde y cica calmante.",0.3865
RELATED PRODUCTS,"Prepara y potencia la piel para optimizar el rendimiento de la LED y conseguir los mejores resultados, además de proteger la barrera cutánea.",Productos relacionados,0.3877
FAQ™ 221,PRODUCTOS RELACIONADOS,Preguntas frecuentes™ 221,0.5072
FAQ™ Red Light Peptide Serum,FAQ™ 211,Preguntas Frecuentes Péptido Suero Rojo,0.4428
FAQ™ vs Other LED Masks,FAQ™ Red Light Peptide Serum,Preguntas frecuentes™ vs Otras máscaras LED,0.4511
"Unlike other LED masks which only beam light on a few specific points on the face, FAQ™ LED masks spread light evenly across your skin via 600 optimized points of light.",FAQ™ vs. Otras Máscaras LED,"A diferencia de otras máscaras LED que solo dirigen la luz a unos pocos puntos específicos del rostro, las máscaras LED FAQ™ distribuyen la luz de manera uniforme sobre tu piel a través de 600 puntos de luz optimizados.",0.6092
"Coupled with the flexi-fit aspect, this ensures that the LED wavelengths penetrate each millimeter of the skin - delivering the same effective treatment to all areas at the same time, no matter what your face shape.","A diferencia de otras máscaras LED que solo proyectan luz en unos pocos puntos específicos del rostro, las máscaras LED FAQ™ distribuyen la luz de manera uniforme sobre la piel mediante 600 puntos de luz optimizados. Combinado con el aspecto flexi fit, esto garantiza que las longitudes de onda LED penetren cada milímetro de la piel, ofreciendo el mismo tratamiento eficaz en todas las áreas al mismo tiempo, sin importar la forma de tu rostro.","Combinado con el aspecto de ajuste flexible, esto garantiza que las longitudes de onda del LED penetren cada milímetro de la piel - entregando el mismo tratamiento eficaz en todas las áreas al mismo tiempo, sin importar la forma de tu rostro.",0.7457
Move freely,Muévete con libertad,Moverse libremente,0.7729
FAQ™ Dual LED Panel,FAQ™ Dual LED Panel,Preguntas frecuentes™ Panel LED Dual,0.7897
The world's 1st full-spectrum red light,La primera luz roja de espectro completo del mundo,El mundo’s 1er espectro rojo completo,0.7405
Built to go deeper. Red light evolved.,Diseñado para llegar más profundo en la piel. Luz roja evolucionada.,Construido para ir más profundo. Luz roja evolucionada.,0.7878
"Our bodies evolved to draw healing energy from the sun's red and near-infrared light - to fuel cellular function, support skin repair, and promote overall skin health. The problem is that the sun also exposes us to harmful UV and blue light, which can adversely cause skin aging, pigmentation, and DNA damage. So FAQ™ has engineered a revolutionary new device: a full-spectrum red light therapy device that mimics the full spectrum of the sun’s natural healing wavelengths - delivering both broad and narrow light wavelengths, while filtering out damaging UV and blue light. This isn’t just red light therapy. It’s the complete spectrum of skin rejuvenation.","Nuestros cuerpos han evolucionado para captar la energía reparadora de la luz roja y el infrarrojo cercano del sol, impulsando la función celular, favoreciendo la reparación de la piel y promoviendo su salud en general. El problema es que el sol también nos expone a radiaciones dañinas como los rayos UV y la luz azul, que pueden acelerar el envejecimiento cutáneo, causar pigmentación irregular y dañar el ADN. Por eso, FAQ™ ha desarrollado un dispositivo revolucionario: un equipo de terapia con luz roja de espectro completo que reproduce el espectro completo de las longitudes de onda naturales y reparadoras del sol, combinando luz roja de banda ancha y estrecha, y filtrando los rayos UV y la luz azul perjudiciales. Esto no es solo terapia con luz roja. Es el espectro completo del rejuvenecimiento cutáneo.","Nuestros cuerpos evolucionaron para extraer energía curativa de la luz roja y cercana al infrarrojo del sol - para impulsar la función celular, apoyar la reparación de la piel y promover la salud general de la piel. El problema es que el sol también nos expone a la luz UV y azul dañina, que puede causar el envejecimiento de la piel, la pigmentación y el daño al ADN. Por lo tanto, FAQ™ ha diseñado un dispositivo nuevo y revolucionario: un dispositivo",0.7487
Reduces redness,Reduce el enrojecimiento,Reduce la rojez,0.4924
Full-spectrum vs. traditional red light,Luz roja de espectro completo vs. tradicional,Full-espectro frente a la luz roja tradicional,0.7939
"Engineered to erase blemishes so you don’t have to cover them. Harnessing the power of full-spectrum red light energy, FAQ™ 502 goes beyond superficial treatments by targeting the root causes of skin damage at a cellular level. Whether you need help minimizing the appearance of fine lines & wrinkles, targeting pigmentation irregularities, or reducing texture & redness, this device visibly improves overall skin quality, and restores your complexion to its healthiest. This isn’t just red light therapy. It’s the complete spectrum of skin rejuvenation.","Engineered to erase blemishes so you don’t have to cover them. Harnessing the power of full-spectrum red light energy, FAQ™ 502 goes beyond superficial treatments by targeting the root causes of skin damage at a cellular level. Whether you need help minimizing the appearance of fine lines & wrinkles, targeting pigmentation irregularities, or reducing texture & redness, this device visibly improves overall skin quality, and restores your complexion to its healthiest. This isn’t just red light therapy. It’s the complete spectrum of skin rejuvenation.","Diseñado para borrar las imperfecciones para que no tenga que cubrirlas. Aprovechando el poder de la energía de luz roja de espectro completo, la FAQ™ 502 va más allá de los tratamientos superficiales al atacar las causas profundas del daño en la piel a nivel celular. Si necesita ayuda para minimizar la apariencia de líneas finas y arrugas, para atacar las irregularidades pigmentarias o para reducir la textura y la rojez, este dispositivo mejora",0.6814
Full-spectrum red light energy: mimics the sun’s natural healing wavelengths - broad & narrow red light (without harmful UV or blue light).,Full-spectrum red light energy: mimics the sun’s natural healing wavelengths - broad & narrow red light (without harmful UV or blue light).,Energía de luz roja de espectro completo: imita las longitudes de onda naturales de curación del sol - luz roja amplia y estrecha (sin luz azul o ultravioleta dañina).,0.7038
"Multi-depth skin targeting: Broad-spectrum pulsed light reaches mid-to-deep dermal layers, while narrow LED wavelengths are absorbed at precise depths, to targer skin across all layers.","Multi-depth skin targeting: Broad-spectrum pulsed light reaches mid-to-deep dermal layers, while narrow LED wavelengths are absorbed at precise depths, to targer skin across all layers.","Objetivo de piel de múltiples niveles: La luz pulsada de amplio espectro llega a las capas dérmicas medias y profundas, mientras que las longitudes de onda LED estrechas se absorben a profundidades precisas, para atacar la piel en todas las capas.",0.6826
"Clinically-proven wavelengths: Pulsed light (590 - 1200 nm) promotes overall skin rejuvenation by addressing pigmentation issues (age spots, melasma), redness (rosacea) & minor scarring.","Clinically-proven wavelengths: Pulsed light (590 - 1200 nm) promotes overall skin rejuvenation by addressing pigmentation issues (age spots, melasma), redness (rosacea) & minor scarring.","Longituds de onda clínicamente probadas: luz pulsada (590 - 1200 nm) promueve el rejuvenecimiento general de la piel al abordar problemas de pigmentación (manchas de la edad, melasma), enrojecimiento (rosácea) y cicatrices leves.",0.7812
"Smart Swedish design: Full face & neck treatment takes just 2 mins. 5 customizable intensities, up to 4.4 J/cm², up to 10 flashes per second.","Smart Swedish design: Full face & neck treatment takes just 2 mins. 5 customizable intensities, up to 4.4 J/cm², up to 10 flashes per second.","Diseño inteligente sueco: tratamiento facial y de cuello que dura solo 2 minutos. 5 intensidades personalizables, hasta 4,4 J/cm², hasta 10 pulsaciones por segundo.",0.7572
FAQ™ 502 device,FAQ™ 502 device,Preguntas frecuentes™ 502 dispositivo,0.7936
Protective Glasses,Protective Glasses,Gafas protectoras,0.6617
Glasses Pouch & Cleaning Cloth,Glasses Pouch & Cleaning Cloth,Estuche para gafas y paño de limpieza,0.6391
"Smoother, more balanced skin - in a flash. FAQ™ 501 helps with skin concerns such as uneven skin tone, fine lines & the appearance of blemishes, working to refine your skin’s texture over time. An easy & effective way to refresh your skin & support a youthful-looking complexion.","Smoother, more balanced skin - in a flash. FAQ™ 501 helps with skin concerns such as uneven skin tone, fine lines & the appearance of blemishes, working to refine your skin’s texture over time. An easy & effective way to refresh your skin & support a youthful-looking complexion.","Piel más suave y equilibrada – en un instante. La sección de preguntas frecuentes™ 501 ayuda con las preocupaciones de la piel como el tono de piel desigual, las líneas finas y la apariencia de manchas, trabajando para refinar la textura de tu piel con el tiempo. Una forma fácil y eficaz de refrescar tu piel y apoyar una tez de aspecto juvenil.",0.6796
"Multi-depth skin targeting: Broad-spectrum pulsed light reaches mid-to-deep dermal layers, while narrow red LED is absorbed at a precise depth - targeting skin across all layers.","Multi-depth skin targeting: Broad-spectrum pulsed light reaches mid-to-deep dermal layers, while narrow red LED is absorbed at a precise depth - targeting skin across all layers.","Objetivo de piel en múltiples capas: La luz pulsada de amplio espectro llega a las capas dérmicas medias y profundas, mientras que el LED rojo estrecho se absorbe a una profundidad precisa - apuntando a la piel en todas las capas.",0.6666
"Smart Swedish design: Full face & neck treatment takes just 2 mins. 5 customizable intensities, up to 3.9 J/cm², up to 7 flashes per second.","Smart Swedish design: Full face & neck treatment takes just 2 mins. 5 customizable intensities, up to 3.9 J/cm², up to 7 flashes per second.","Diseño sueco inteligente: tratamiento facial y de cuello que dura solo 2 minutos. 5 intensidades personalizables, hasta 3,9 J/cm², hasta 7 pulsaciones por segundo.",0.7612
FAQ™ Red Light Peptide Serum,FAQ™ Red Light Peptide Serum,Preguntas Frecuentes Pequeño Suero de Peptidos Rojos,0.4555
"Expertly formulated to complement your LED light treatments. This all-in-one antioxidant-rich serum is enhanced with collagen-boosting Peptides, brightening Sea Daffodil, hydrating HA, soothing Green Tea & repairing Cica helping your skin respond better, recover faster, and look even more radiant after each LED treatment.","Formulado por expertos para complementar tus tratamientos de luz LED, este sérum todo en uno está cargado de antioxidantes y enriquecido con péptidos que estimulan el colágeno, narciso de mar iluminador, ácido hialurónico hidratante, té verde calmante y centella reparadora. Ayuda a que tu piel responda mejor, se recupere más rápido y luzca aún más radiante tras cada sesión de luz LED.","Especialmente formulado para complementar sus tratamientos con luz LED. Este suero rico en antioxidantes está mejorado con péptidos que estimulan el colágeno, caléndula marina para iluminar, HA para hidratar, té verde calmante y cicatrizante Cica, que ayudan a que su piel responda mejor, se recupere más rápido y se vea aún más radiante después de cada tratamiento LED.",0.7942
Prep,Preparar,Prep,0.6707
Protective eyewear,Gafas protectoras,Protección ocular,0.6267
The power of healing sunlight in a device,"Toda la fuerza del sol para cuidar tu piel, en un solo dispositivo",El poder de la luz solar curativa en un dispositivo,0.7952
SKINCARE,COSMÉTICOS,Cuidad del Piel,0.4051
FAQ™ Scalp Recovery & Thick Hair Probiotic Serum,FAQ™ Sérum probiótico para cabello y cuero cabelludo,Preguntas Frecuentes™ Recuperación del Cuero Cabelludo & Sérum Probiótico para Cabello Grueso,0.5682
IRIS™ Hydrating Hydrogel Eye Mask,IRIS™ Hydrating Hydrogel Eye Mask,IRIS™ Mascarilla Hidrogel Calmante para los Ojos,0.7789
3 steps for a face that can face anything,Reinventa tu rutina en tres pasos profesionales,3 pasos para un rostro que pueda enfrentarlo todo,0.6554
"Your skin wants to breathe. To glow. To be firm. The good news is: getting pro-level results is now easier than ever. You can do it anytime, anywhere. Effortlessly. So forget about spending at least an hour at a beauty salon. Check out these 4 products used for a 6-minute routine recommended by Vogue.","Deja a tu piel respirar, tonifícala de forma natural, y dale luminosidad gracias a las luces LED y al ritual con mascarilla facial. Disfruta de resultados profesionales sin importar donde estés. Es tan sencillo como leer la rutina de 6 minutos recomendada por Vogue.","Tu piel quiere respirar. Para brillar. Para ser firme. La buena noticia es: conseguir resultados de nivel profesional es ahora más fácil que nunca. Puedes hacerlo en cualquier momento, en cualquier lugar. Sin esfuerzo. Así que olvídate de pasar al menos una hora en un salón de belleza. Echa un vistazo a estos 4 productos utilizados para una rutina de 6 minutos recomendada por Vogue.",0.7517
BEARTM Step 2 Facelift,BEARTM Paso 2 Lifting facial,BEARTM Paso 2 Renovación,0.6737
UFOTM Step 3 Hydrate,UFOTM Paso 3 Hidrátate,UFOTM Paso 3 Hidrata,0.7704
ISSATM Step 3 1/2 Smile,ISSATM Paso 3 1/2 Sonríe,ISSATM Paso 3 ½ Sonrisa,0.7812
"...when I use the LUNA™ mini 2 and put on my cleanser, before I even take a shower, it just brings the blood supply to my skin, and you know...it just helps everything settle faster in the morning.","...cuando uso LUNA™ mini 2 con mi limpiador facial antes de ducharme estimulo la circulación sanguínea de mi piel, y lo cierto es que me ayuda a comenzar bien el día.","...cuando uso el LUNA™ mini 2 y pongo mi limpiador, antes de siquiera ducharme, simplemente estimula el flujo sanguíneo a mi piel, y sabes... simplemente ayuda a que todo se calme más rápido por la mañana.",0.7776
"I think probably one of the hugest benefits is that this only takes 90 seconds. Everyone is always in a rush these days, and I think if we could all mask in the morning we would – the UFO™ definitely makes that possible.","Creo que uno de los mayores beneficios es que sólo requiere 90 segundos de uso. Hoy en día todo el mundo tiene prisa, y si pudiéramos disfrutar de una mascarilla todos los días lo haríamos. UFO™ lo hace realmente posible.","Creo que uno de los beneficios más grandes es que esto solo lleva 90 segundos. Todo el mundo siempre está apurado últimamente, y creo que si todos pudiéramos maquillarnos por la mañana, el UFO™ definitivamente lo hace posible.",0.7485
"When my eyes get puffy, I pull out my FOREO IRIS™ massager — it mimics the tapping used in traditional Asian skin care. It looks like a vibrator, so I call it my 'eyebrator.'","Cuando siento mis ojos hinchados, uso el masajeador FOREO IRIS™ . Este masajeador imita el masaje de presión tradicional asiático utilizado en el cuidado de la piel. Parece un vibrador, así que lo puedes considerar un 'vibrador para los ojos'.","Cuando mis ojos se hunden, saco mi masajeador FOREO IRIS™ — imita el golpe utilizado en los tratamientos tradicionales asiáticos de cuidado de la piel. Parece un vibrador, así que lo llamo mi 'eyebrator'.",0.6876
"I hate it when they put vaseline on my face for boxing, so afterwards I cleanse with my FOREO and Dr Barbara Sturm cleanser, which gets rid of all the dirt from the fight, too.","Odio ponerme vaselina en mi rostro para boxear, así que al finalizar limpio mi piel con FOREO y el limpiador Dr Barbara Sturm para eliminar toda la suciedad del combate.","Odio cuando me ponen vaselina en la cara para boxear, y después me limpio con mi FOREO y el limpiador de Dr Barbara Sturm, que elimina todo el sucio del combate, también.",0.7977
250+ AWARDS,MÁS DE 250 GALARDONES,250+ PREMIOS,0.6945
Fewer wrinkles. In just 1 week.,Reafirma y tonifica. En 1 semana.,Menos arrugas. En solo 1 semana.,0.7745
Seriously. We've got the clinicals to back it up.,El primer dispositivo del mundo con 4 modos de microcorrientes.,En serio. Tenemos los clínicos para respaldarlo.,0.4282
That's right. We just hacked aging.,Así es. Hemos descifrado el envejecimiento.,Eso es correcto. Acabamos de hackear el envejecimiento.,0.7099
You absolutely must own this,El dispositivo que debes tener,Debes absolutamente poseer esto,0.6997
LET’S GET IN TOUCH,CONECTA CON NOSOTROS,Pónganse en contacto,0.4691
Behind our global presence is a simple idea: to help millions of people feel great in their own skin. By getting professional results without leaving home.,"Detrás de cualquier éxito, hay una historia. La nuestra empezó con la idea de mejorar el cuidado personal, y ahora ayudamos a millones de personas a sentirse y verse mejor.",Detrás de nuestra presencia global hay una idea sencilla: ayudar a millones de personas a sentirse bien consigo mismas. Obteniéndoles resultados profesionales sin salir de casa.,0.7705
Fresh & radiant. Smooth & soft. Firm & healthy.,El LUNATM más suave y potente jamás creado,Fresca y radiante. Suave y suave. Firme y saludable.,0.4493
Swedish facial cleanse with clinically proven results.,La forma más higiénica de limpiar tu piel.,Limpiador facial sueco con resultados clínicamente probados.,0.7443
"Meet cutting-edge technology that’s designed to give you a deep in-pore cleanse. Remove 99% of dirt, oil and makeup residue. Boost circulation and collagen. Promote lymphatic drainage. Reduce puffiness. Improve absorption of active ingredients. And enjoy skin firming T-Sonic™ massages with your LUNA™ 4.","¿Sabías que tu piel acumula más de 4 kilos de suciedad y células muertas de la piel en un año? Limpiar tu piel con las manos es mucho menos eficaz de lo que piensas. Por eso hemos creado un dispositivo de limpieza facial 2 en 1 que elimina el 99% de suciedad, grasa y restos de maquillaje, y lo hemos probado clínicamente.","Conoce la tecnología de vanguardia que está diseñada para darte un limpieza profunda en las poros. Elimina el 99% del sucio, el aceite y los residuos de maquillaje. Estimula la circulación y el colágeno. Promueve el drenaje linfático. Reduce la hinchazón. Mejora la absorción de los ingredientes activos. Y disfruta de los masajes T-Sonic™ reafirmantes con tu LUNA™ 4.",0.6432
Say goodbye to ineffective skincare routines and embrace the award-winning LUNA™ 4 brush for the softest deep cleanse of your life.,"Te ofrece una limpieza personalizada basada en el tipo de piel y las zonas con problemas. Además, reafirma tu piel con masajes guiados que tonifican zonas específicas de tu rostro y cuello. Suave. Eficaz. Indispensable.",Di adiós a las rutinas de cuidado de la piel ineficaces y adopta la brocha LUNA™ 4 para un lavado profundo tan suave como nunca.,0.6459
Reduce blemishes,Reduce las imperfecciones,Reducir las manchas,0.7397
Clinical-consumer results,Resultados clínicos,Resultados clínicos-consumidor,0.7425
Clinically proven to remove,Clínicamente eliminan el,Clinicamente probado para eliminar,0.7137
of users report reduced appearance of blemishes.,declaró una reducción de imperfecciones.,Los usuarios reportan una reducción en la apariencia de las imperfecciones.,0.7861
"Are you ready to experience the gentlest and most effective cleanse of your life? LUNA™ 4 removes 99% of dirt, oil and makeup residue while promoting circulation, lymphatic drainage and absorption of active ingredients - all thanks to T-Sonic™ pulsations. Personalize the device to your skin needs, and enjoy video-guided skin firming massages via the app to enjoy a premium skincare experience whenever you want. Because you deserve a routine as unique as your skin.","¿Sabías que tu piel acumula más de 4 kilos de suciedad y células muertas en un año? Limpiar tu rostro con las manos no es muy eficaz. Por eso, hemos creado un dispositivo de limpieza facial 2 en 1 que elimina el 99% de suciedad, grasa y restos de maquillaje, y lo hemos probado clínicamente.","¿Está usted listo para experimentar el limpiador más suave y eficaz de su vida? LUNA™ 4 elimina el 99% de suciedad, aceite y residuos de maquillaje, al tiempo que promueve la circulación, el drenaje linfático y la absorción de ingredientes activos, todo gracias a las pulsaciones T-Sonic™. Personalice el dispositivo para satisfacer las necesidades de su piel y disfrute de masajes faciales guiados por vídeo a través de la aplicación para disfrutar",0.6675
100% of users report more refreshed & radiant skin.,35 veces más higiénico que los cepillos con filamentos de nylon.,El 100% de los usuarios reporta una piel más refrescada y radiante.,0.5916
98% of users experience better absorption of skincare products.,El 96% de usuarios declaró sentir la piel más sana. El 81% una reducción de imperfecciones.,El 98% de los usuarios experimenta una mejor absorción de los productos de cuidado de la piel.,0.7924
"Tailored cleanse with Gentle, Regular and Deep Cleanse modes.",El 86% de los usuarios declaró sentir la piel más firme y elástica.,"Limpieza personalizada con modos Suave, Regular y Profunda.",0.4463
Deep Tissue Massage,Masaje de tejido profundo,Masaje Profundo,0.7104
Trigger Point Massage Relieves muscle tightness - neck.,Masaje de puntos gatillo Calma la tensión muscular - cuello.,Masaje en los puntos de desencadenamiento alivia la tensión muscular - cuello.,0.7669
Trigger Point Massage,Masaje de puntos gatillo,Masaje en los Puntos Trígar,0.6268
Promotes calm - forehead & temples.,Favorece la relajación - frente y sien.,Promueve la calma - frente y sienes.,0.7258
Reflexology Massage Restores energy - eyebrows & ears.,Masaje de reflexología Restaura la energía - pestañas y oídos.,Reflexología Massage Restaura energía - cejas y orejas.,0.7948
Restores energy - eyebrows & ears.,Restaura la energía - pestañas y oídos.,Restaura energía - cejas y orejas.,0.7607
LUNA™ Cleansing Balm,LUNA™ Cleansing Balm,LUNA™ Purificante,0.7905
Firm,Reafirma,Firma,0.671
One-time investment,Una inversión para siempre,Inversión única,0.7581
PRESS LOVES IT,PRESS LOVES IT,PRESENTE AMA ESTO,0.4358
"FOREO Imagination™ has a luxurious, creamy texture, taking away the homemade feel of DIY masks and making them feel as fancy as a clinic treatment for a spa at home vibe.","FOREO Imagination™ tiene una textura cremosa y agradable que mejora la sensación de tu mascarilla facial casera para transformarla en un experiencia similar a la de un tratamiento clínico, desde la comodidad de tu casa.","FOREO Imagination™ tiene una textura lujosa y cremosa, eliminando la sensación casera de las mascarillas hechas en casa y haciéndolas sentir tan sofisticadas como un tratamiento de clínica en un ambiente de spa en casa.",0.7819
T-SonicTM pulsations,Pulsaciones T-SonicTM Silicona ultra higiénica,T-Sonic™ pulsaciones,0.7367
LUNA™ 4 hair,LUNA™ 4 hair,LUNA™ 4 pelo,0.6331
Bahrain Delivery estimate: 16/10/25,Baréin Entrega prevista 10/16/25,Entrega en Bahrein: 16/10/25,0.784
Hong Kong SAR China Delivery estimate: 16/10/25,RAE de Hong Kong (China) Entrega prevista 10/16/25,Estimación de entrega: 16/10/25,0.7605
Uzbekistan Delivery estimate: 20/10/25,Uzbekistán Entrega prevista 10/20/25,Estimación de entrega: 20/10/25,0.7904
"Immediate lift, deep cleanse","Reafirmación inmediata, limpieza profunda","Levantamiento inmediato, limpieza profunda",0.7623
Highest price,Highest price,Mayor precio,0.7475
Lowest price,Lowest price,Precio más bajo,0.7762
Best-selling 2-in-1 smart facial cleansing & firming device.,Best-selling 2-in-1 smart facial cleansing & firming device.,Dispositivo inteligente de limpieza facial y reafirmante de venta más rápida.,0.5276
"Near-infrared, red LED cleansing & microcurrent. For aging skin.","Near-infrared, red LED cleansing & microcurrent. For aging skin.","Infrarrojo cercano, LED rojo de limpieza y microcorriente. Para pieles maduras.",0.7362
Dual-sided facial cleansing massager.,Dual-sided facial cleansing massager.,Exfoliador facial de doble cara.,0.7143
Travel-friendly facial cleansing & massaging device.,Travel-friendly facial cleansing & massaging device.,Dispositivo de limpieza facial y masaje apto para viajar.,0.7971
Combination skin,Combination skin,Piel mixta,0.7307
Soft silicone facial cleansing brush for every skin type.,Soft silicone facial cleansing brush for every skin type.,Cepillo facial de silicona suave para todo tipo de piel.,0.6239
Sensitive skin,Sensitive skin,Piel sensible,0.7007
Thermo-facial cleansing brush that lifts your face with microcurrent.,Thermo-facial cleansing brush that lifts your face with microcurrent.,Cepillo de limpieza facial y microcorriente que eleva la cara.,0.6288
Compact dual-sided facial cleansing brush for all skin types.,Compact dual-sided facial cleansing brush for all skin types.,Cepillo facial de doble cara compacto para todo tipo de piel.,0.6353
The most gentle cleanse,The most gentle cleanse,La limpieza más suave,0.7511
Gently expel and lift away impurities from deep within pores.,Gently expel and lift away impurities from deep within pores.,Expulsa y levanta suavemente las impurezas de las profundidades de los poros.,0.7966
Tiny but mighty facial cleansing brush for skincare on the go.,Tiny but mighty facial cleansing brush for skincare on the go.,Cepillo facial de limpieza pequeño pero potente para el cuidado de la piel en marcha.,0.6447
Cleanse & refresh on-the-go,Pie limpia y fresca estés donde estés,Limpiar y refrescar sobre la marcha,0.4473
Your travel-friendly skincare essential.,Cuidado de la piel en el gimnasio o de viaje,Tu esencial de cuidado de la piel para viajar.,0.6401
"LUNA™ 4's little sister - perfect for the times when you really need to cleanse your skin while out and about — after sweating at the gym, sleeping on a flight, or lying on the beach.","Toma el control del estado de tu piel incluso en los días más ajetreados. LUNATM 4 go es el hermano pequeño de LUNATM 4, y ha sido probado clínicamente que elimina el 99% de suciedad, grasa y restos de maquillaje. Es perfecto para esos momentos en los que necesitas limpiar tu piel fuera de casa - después de sudar en el gimnasio, dormir en un vuelo o descansar en la playa.","La hermana pequeña de LUNA™ 4 - perfecta para cuando realmente necesitas limpiar tu piel mientras estás fuera — después de sudar en el gimnasio, dormir en un vuelo o tumbarte en la playa.",0.6896
"Effortless 1-min facial cleanse? Check. Targeted firming facial massage? Check. Light, compact, and travel-friendly? Check. Fresh, healthy-looking radiance? You know it!","¡Limpieza facial de 1 minuto sin esfuerzo? Sí. ¿Masaje facial reafirmante y preciso? Sí. ¿Ligero, compacto y fácil de transportar? Sí. ¿Piel fresca, sana y luminosa? ¡Por supuesto!","Limpieza facial de 1 minuto sin esfuerzo? Comprobado. Masaje facial reafirmante dirigido? Comprobado. Ligero, compacto y apto para viajar? Comprobado. Luminosidad fresca y saludable? ¡Lo sabes!",0.7738
Travel-friendly,Ideal para llevar de viaje,Viajero-amigable,0.5569
Healthy complexion,Piel más sana,Complexión sana,0.6651
"Compact & lightweight, LUNA™ 4 go offers a deep in-pore cleanse and firming massage on-the-go. Clinically proven to remove 99% of dirt, oil, and makeup residue - giving you a radiant complexion no matter where your adventures take you...","Toma el control del estado de tu piel incluso en los días más ajetreados. LUNA™ 4 go es el nuevo dispositivo esencial de cuidado facial para lucir una piel radiante en cualquier lugar. ¡Limpieza facial de 1 minuto sin esfuerzo? Sí. ¿Masaje facial reafirmante y preciso? Sí. ¿Ligero, compacto y fácil de transportar? Sí. ¿Piel fresca, sana y luminosa? ¡Por supuesto!","Compact & ligero, LUNA™ 4 go ofrece un limpiador profundo en el poro y un masaje reafirmante en cualquier lugar. Clínicamente probado para eliminar el 99% del sucio, el aceite y los residuos de maquillaje - dándote una piel radiante sin importar dónde te lleven tus aventuras...",0.65
2-zone brush head with thick and thin touchpoints for all skin types.,El 98% de usuarios sintió una mayor absorción de sus productos de cuidado facial.,Cabezal de cepillo de 2 zonas con puntos de contacto gruesos y finos para todo tipo de pieles.,0.4826
Firm,Reafirma la piel,Firma,0.547
SUPERCHARGED™ Barrier Restoring Essence Mist,SUPERCHARGED™ Bruma facial restauradora,SUPERCHARGED™ Barrera Restauradora Esencia en Aerosol,0.6405
Ultra-hygienic silicone,Resultados clínicos y opiniones de expertos,Silicona ultra-higiénica,0.4093
"Skincare smarter, not harder.",Limpieza facial inteligente para piel y barba,"Cuida tu piel de forma más inteligente, no más difícil.",0.5274
"Remove 99% of dirt, oil and sweat. Prevent breakouts. Eliminate razor burn. Take your facial cleansing routine to a pro level. Designed for expert care of thicker and oilier male skin, LUNA™ 4 MEN cleanses the face and conditions the beard for the smoothest shave of your life.","Tu piel acumula más de 4 kilos de suciedad y células muertas de la piel en un año. Limpiar tu rostro con las manos no es tan eficaz como piensas. Por eso, hemos creado un dispositivo de limpieza facial 2 en 1 que elimina el 99% de suciedad y grasa de la piel y el vello facial, y lo hemos probado clínicamente.","Elimina el 99% del sucio, el aceite y el sudor. Previene los brotes. Elimina la irritación por afeitar. Lleva tu rutina de limpieza facial a un nivel profesional. Diseñado para el cuidado experto de la piel masculina más gruesa y grasa, LUNA™ 4 MEN limpia la cara y acondiciona el vello facial para el más suave afeitado de tu vida.",0.6938
"Flip the device over to energize your skin with an invigorating T-Sonic™ firming massage - for a toned, chiseled game face every single day.","Te ofrece una limpieza personalizada basada en el tipo de piel y las zonas con problemas. Reafirma la piel con masajes guiados que tonifican zonas específicas del rostro y el cuello. Además, prepara la piel para el afeitado. Un dispositivo esencial para el cuidado facial para los hombres con un estilo de vida activo.",Invierte el dispositivo para energizar tu piel con un masaje reafirmante T-Sonic™ - para un rostro tonificado y esculpido todos los días.,0.503
Smoother shave,Afeitado más suave,A afeitar más suave,0.7092
Reduce blemishes,Basado en pruebas de uso de terceros,Reducir las imperfecciones,0.4297
"LUNATM 4 MEN is bacteria-resistant to reduce breakouts. It also gently exfoliates skin - meaning clogged pores, breakouts and ingrown hairs are a thing of the past. 91% of users report healthier-looking skin.",Reduce las imperfecciones,"LUNATM 4 MEN es resistente a las bacterias para reducir las brotadas. También exfolia suavemente la piel, lo que significa que las poros obstruidos, las brotadas y los vellos encarnados son cosa del pasado. El 91% de los usuarios informa de una piel con un aspecto más saludable.",0.5156
Upgraded design,"LUNATM 4 MEN es resistente a las bacterias para reducir las imperfecciones. Además, exfolia con suavidad la piel, garantizando que los poros obstruidos, las imperfecciones y los pelos enquistados sean cosa del pasado. El 91% de usuarios declaró sentir la piel más sana.",Diseño mejorado,0.3919
"The most gentle LUNATM MEN yet, it’s made of 17% softer silicone touchpoints that glide even more effortlessly across skin to preserve its natural elasticity. It also features a new travel-lock function, 3 cleansing modes, and 5 massage patterns.",Diseño mejorado,"El más suave LUNATM MEN hasta la fecha, está hecho de 17% más de puntos de contacto de silicona suave que deslizan aún más suavemente sobre la piel para preservar su elasticidad natural. También cuenta con una nueva función de bloqueo de viaje, 3 modos de limpieza y 5 patrones de masaje.",0.4444
Clinical-consumer results,"El LUNATM MEN más suave jamás creado, fabricado con filamentos de silicona 17% más suaves que se deslizan sin esfuerzo sobre la piel para preservar su elasticidad natural. También incluye una nueva función de bloqueo de viaje, 3 modos de limpieza y 5 tipos de masaje.",Resultados clínicos-consumidor,0.2423
Clinically proven to remove 99% of dirt and oil.,Resultados clínicos,Clinicamente probado para eliminar el 99% del polvo y el aceite.,0.4359
Clinically proven to remove,Clínicamente eliminan el 99% de suciedad y grasa.,Clinicamente probado para eliminar,0.6258
99%,Clínicamente eliminan el,99%,0.4755
of dirt and oil.,99%,de tierra y aceite.,0.4346
100% of users report skin feels better after cleansing with LUNATM compared to cleansing by hand.,de suciedad y grasa.,El 100% de los usuarios informa que la piel se siente mejor después de limpiar con LUNATM en comparación con la limpieza con las manos.,0.5638
100%,El 100% declaró sentir la piel mejor con LUNA™ que al limpiarla con las manos.,100%,0.3778
of users report skin feels better after cleansing with LUNATM compared to cleansing by hand.,El 100%,los usuarios informan que la piel se siente mejor después de limpiarse con LUNATM en comparación con limpiarse con la mano.,0.4671
"97% of users report softer skin, and a smoother shave.",declaró sentir la piel mejor con LUNA™ que al limpiarla con las manos.,El 97% de los usuarios informa de una piel más suave y un afeitado más suave.,0.6748
97%,El 97% de usuarios declaró sentir la piel lisa y el afeitado más suave.,97%,0.3398
"of users report softer skin, and a smoother shave.",El 97%,Los usuarios reportan una piel más suave y un afeitado más suave.,0.3549
"94% of users report more energized skin, and an even skin tone.",de usuarios declaró sentir la piel lisa y el afeitado más suave.,El 94% de los usuarios reporta una piel más enérgica y un tono de piel más uniforme.,0.6679
94%,El 94% declaró sentir la piel más revitalizada y con un tono más uniforme.,94%,0.322
"of users report more energized skin, and an even skin tone.",El 94%,Los usuarios informan de una piel más enérgica y un tono de piel más uniforme.,0.3424
91%,"El 91% declaró sentir la piel más firme, sana y elástica.",91%,0.3875
"of users report firmer, more elastic and healthier-looking skin.",El 91%,"Los usuarios informan de una piel más firme, elástica y con un aspecto más saludable.",0.4411
"90% of users report a closer shave, less razor burn and longer lasting razor blades.","declaró sentir la piel más firme, sana y elástica.","El 90% de los usuarios informa de un afeitado más cercano, menos irritación por la cuchilla y hojas de afeitar que duran más.",0.6198
90%,El 90% de los usuarios declaró sentir el afeitado más apurado y menos irritación.,90%,0.3022
"of users report a closer shave, less razor burn and longer lasting razor blades.",El 90% de los usuarios declaró sentir el afeitado más apurado y menos irritación.,"Los usuarios informan de una afeitado más cercano, menos irritación por la cuchilla y láminas de afeitar más duraderas.",0.7407
"LUNA™ 4 MEN delivers a deep, personalized cleanse that targets your unique skin concerns, while firming the face and neck in 1 min. Experience the smoothest shave, reduce breakouts & ingrown hairs, prevent razor burn, and make razor blades last for up to 2x as long.","Tu piel acumula más de 4 kilos de suciedad y células muertas de la piel en un año, y limpiar tu rostro con las manos no es tan eficaz como piensas. Por eso, hemos creado un dispositivo de limpieza facial 2 en 1 que elimina el 99% de suciedad y grasa de la piel y el vello facial, y lo hemos probado clínicamente.","LUNA™ 4 MEN ofrece una limpieza profunda y personalizada que se dirige a tus preocupaciones únicas de la piel, mientras firme el rostro y el cuello en 1 minuto. Experimenta el afeitado más suave, reduce las brotes y los vellos encarnados, previene la irritación por el afeitado y haz que las hojas de afeitar duren hasta 2 veces más.",0.5719
100% of users report it's better than cleansing by hand.,35 veces más higiénico que los cepillos con filamentos de nylon,El 100% de los usuarios reporta que es mejor que limpiarlo a mano.,0.6459
"94% of users report more energized skin, and an even skin tone.",El 100% de los usuarios declaró sentir la piel mejor que al limpiarla con las manos,El 94% de los usuarios informa de una piel más enérgica y un tono de piel más uniforme.,0.6525
"90% of users report a closer shave, less razor burn & longer lasting razor blades.","El 91% de los usuarios declaró sentir la piel más firme, sana y elástica","El 90% de los usuarios informa de un afeitado más cercano, menos irritación por la cuchilla y láminas de cuchilla que duran más.",0.6159
"Tailored cleanse with Gentle, Regular and Deep Cleanse modes.","El 90% de los usuarios declaró sentir el afeitado más apurado, menos irritación y una mayor duración de las cuchillas","Limpieza personalizada con modos Suave, Regular y Profunda.",0.434
"16 intensities, 4 guided massages & 600 uses per USB charge.","16 intensidades, 3 modos de limpieza, 4 masajes guiados y 5 tipos de masaje","16 intensidades, 4 masajes guiados y 600 usos por carga USB.",0.7025
LUNA™ 2-in-1 Shaving + Cleansing Foaming Cream 2.0,LUNA™ 2-in-1 Shaving + Cleansing Foaming Cream 2.0,LUNA™ 2-en-1 Crema Espumosa de Afeitado y Limpieza 2.0,0.7384
About The story of FOREO FOREO partnerships MYSA: Beauty & Wellbeing Journal Find your ideal FOREO device! Technologies behind Benefits Clinical Results & Expert Reviews Contact us,ACERCA DE La historia de FOREO Colaboraciones de FOREO MYSA: blog de belleza y bienestar ¡Encuentra tu dispositivo FOREO ideal! Tecnologías y resultados Resultados clínicos y opiniones de expertos Contacta con nosotros,Sobre La historia de FOREO FOREO colaboraciones MYSA: Belleza y Bienestar Diario Encuentra tu dispositivo FOREO ideal! Tecnologías detrás Beneficios Resultados clínicos y revisiones de expertos Contacta con nosotros,0.7796
Clean skin. Fewer breakouts. Instant glow.,"Una piel limpia, sana y radiante. Todos los días.",Piel limpia. Menos brotes. Brillo instantáneo.,0.6377
The mini-but-mighty must-have for young skin,La mejor forma de preparar la piel,El mini-pero-poderoso imprescindible para la piel joven,0.5361
"Get clear, glowing skin with minimum effort. LUNA™ 4 mini unclogs pores to stop breakouts, and tackles an oily complexion. It's clinically proven to remove 99% of dirt, oil and makeup residue.","Ha sido probado clínicamente que elimina el 99% de suciedad, grasa y restos de maquillaje. Ultra higiénico. Más suave que nunca. Este compacto y potente limpiador y masajeador facial inteligente ilumina tu piel de una forma sencilla y agradable. El cabezal de cepillado de 2 zonas es perfecto para todo tipo de pieles.","Obtén una piel clara y radiante con mínimo esfuerzo. LUNA™ 4 mini desobstruye los poros para detener los brotes y combate la piel grasosa. Está clínicamente probado para eliminar el 99% del sucio, el aceite y los residuos de maquillaje.",0.6922
"When in a hurry, use 30-second Glow Boost mode for a quick refresh. Healthy skin is happy skin, and now every day can be a perfect skin day.","Fabricado con silicona resistente a las bacterias para disminuir las imperfecciones. Cuando tengas prisa, usa el modo Glow Boost de 30 segundos. Exfolia las células muertas de la piel, aumenta el drenaje linfático y la absorción de tus productos.","Cuando tienes prisa, usa el modo Glow Boost de 30 segundos para un refresco rápido. La piel sana es una piel feliz, y ahora cualquier día puede ser un día perfecto para la piel.",0.6014
Healthy complexion,Una piel sana,Complexión sana,0.628
"LUNATM 4 mini uses T-SonicTM pulsations and velvety-soft silicone touchpoints to remove impurities trapped deep within pores. It is clinically proven to remove 99% of dirt, oil and makeup residue, and is 35x more hygienic than brushes with nylon bristles.","LUNATM 4 mini uses T-SonicTM pulsations and velvety-soft silicone touchpoints to remove impurities trapped deep within pores. It is clinically proven to remove 99% of dirt, oil and makeup residue, and is 35x more hygienic than brushes with nylon bristles.","LUNATM 4 mini utiliza pulsaciones T-SonicTM y puntos de contacto de silicona suave como la seda para eliminar las impurezas atrapadas profundamente en los poros. Está clínicamente probado para eliminar el 99% del sucio, el aceite y los restos de maquillaje, y es 35 veces más higiénico que los cepillos con cerdas de nailon.",0.7433
Reveal a radiant complexion in just 30 seconds. Quick-press Glow Boost mode gets you flawless skin when there’s no time for a full routine. 100% of users report more radiant skin after use.,Reveal a radiant complexion in just 30 seconds. Quick-press Glow Boost mode gets you flawless skin when there’s no time for a full routine. 100% of users report more radiant skin after use.,Revela una tez radiante en tan solo 30 segundos. El modo Glow Boost de un solo toque te consigue una piel perfecta cuando no hay tiempo para una rutina completa. El 100% de los usuarios reporta una piel más radiante tras su uso.,0.7904
Healthy complexion,Healthy complexion,Complexión saludable,0.7062
"T-SonicTM pulsations boost microcirculation - delivering nutrients to skin cells and eliminating toxins, while boosting lymphatic drainage. 100% of users report more refreshed skin, with 96% claiming skin looks healthier.","T-SonicTM pulsations boost microcirculation - delivering nutrients to skin cells and eliminating toxins, while boosting lymphatic drainage. 100% of users report more refreshed skin, with 96% claiming skin looks healthier.","Las pulsaciones T-Sonic™ mejoran la microcirculación - entregando nutrientes a las células de la piel y eliminando toxinas, mientras estimulan el drenaje linfático. El 100% de los usuarios reporta una piel más fresca, y el 96% afirma que la piel se ve más sana.",0.7958
Flawless prep,Flawless prep,Preparación impecable,0.7964
"Prep your skin for the most effective skincare routine. LUNATM 4 mini enables the active ingredients in your creams, serums, and masks to penetrate deep into skin, where they work the best. 98% of users report better absorption of skincare products.","Prep your skin for the most effective skincare routine. LUNATM 4 mini enables the active ingredients in your creams, serums, and masks to penetrate deep into skin, where they work the best. 98% of users report better absorption of skincare products.","Prepárate la piel para la rutina de cuidado más eficaz. LUNATM 4 mini permite que los ingredientes activos de tus cremas, sérums y mascarillas penetren profundamente en la piel, donde funcionan mejor. El 98% de los usuarios informa de una mejor absorción de los productos de cuidado de la piel.",0.7562
Reduce blemishes,Reduce blemishes,Reducir las manchas,0.7478
"Made of ultra-hygienic silicone, LUNATM 4 mini is bacteria-resistant to reduce breakouts. It also gently exfoliates skin, removing dead skin cells to reveal fresh healthy skin below. 81% of users report reduced appearance of blemishes.","Made of ultra-hygienic silicone, LUNATM 4 mini is bacteria-resistant to reduce breakouts. It also gently exfoliates skin, removing dead skin cells to reveal fresh healthy skin below. 81% of users report reduced appearance of blemishes.","Hecho de silicona ultra-higiénica, LUNATM 4 mini es resistente a las bacterias para reducir las brotadas. También exfolia suavemente la piel, eliminando las células muertas para revelar una piel fresca y saludable debajo. El 81% de los usuarios informa de una reducción en la apariencia de las imperfecciones.",0.7656
LUNATM 4 mini’s revolutionary silicone touchpoints are now 17% softer to glide even more effortlessly across the skin and preserve natural elasticity. It offers 12 intensities and lasts up to 500 uses per one USB charge. No replacement parts needed. Ever.,LUNATM 4 mini’s revolutionary silicone touchpoints are now 17% softer to glide even more effortlessly across the skin and preserve natural elasticity. It offers 12 intensities and lasts up to 500 uses per one USB charge. No replacement parts needed. Ever.,Los puntos de contacto de silicona revolucionarios de LUNATM 4 mini son ahora un 17% más suaves para deslizarse aún más sin esfuerzo sobre la piel y preservar la elasticidad natural. Ofrece 12 intensidades y dura hasta 500 usos con una sola carga USB. No se necesitan piezas de repuesto. Nunca.,0.7858
"The answer to all your skin problems is finally here. LUNA™ 4 mini uses T-Sonic™ massage to effortlessly deep clean pores, while exfoliating dull skin. With thicker touchpoints to target the oiler T-zone area, and thinner touchpoints to gently cleanse the rest of the face, this device is an essential for any young skincare enthusiast.","Un dispositivo compacto y potente indispensable para cualquier fan del cuidado facial. Ha sido probado clínicamente que sus pulsaciones T-Sonic™ eliminan el 99% de suciedad, grasa y restos de maquillaje para limpiar profundamente los poros, las zonas con problemas y reducir las imperfecciones. Y cuando tengas prisa, usa el modo Glow Boost de 30 segundos para una limpieza rápida.","La respuesta a todos tus problemas de piel finalmente está aquí. LUNA™ 4 mini utiliza el masaje T-Sonic™ para limpiar profundamente los poros con facilidad, mientras exfolia la piel apagada. Con puntos de contacto más gruesos para atacar el área T-zone más grasa, y puntos de contacto más delgados para limpiar suavemente el resto de la cara, este dispositivo es esencial para cualquier entusiasta de la piel joven.",0.7539
"Clinically proven to remove 99% of dirt, oil & makeup residue.",35 veces más higiénico que los filamentos de nylon.,"Clinicamente probado para eliminar el 99% del sucio, aceite y residuo de maquillaje.",0.5703
2-zone brush head & quick 30-second Glow Boost mode for ultimate ease.,Cabezal de 2 zonas y modo rápido Glow Boost para facilitar la limpieza.,Cabezal de cepillo de 2 zonas y modo de impulso de brillo de 30 segundos para la máxima facilidad.,0.762
Rinse,Aclara,Enjuagar,0.6261
IRIS™ C-Concentrated Brightening Eye Cream,IRIS™ C-Concentrated Brightening Eye Cream,IRIS™ C-Concentrado Iluminador para los Ojos,0.7728
Microcurrent & red light therapy,Limpia. Reafirma. Rejuvenece.,Microcorriente y luz roja,0.38
Firm & plump,Reafirma y rellena,Firme y redondo,0.5004
"Microcurrent naturally plumps and firms the skin, while smoothing the appearance of fine lines. With a device featuring red light & microcurrent, 90% of users report skin looks younger & healthier. Access guided treatments to target different problem areas of the face & neck, via the app.","Las microcorrientes rellenan y reafirman la piel de forma natural, suavizando la apariencia de las líneas de expresión. El 90% de los usuarios declaró sentir la piel más joven y sana. Accede a tratamientos guiados desde la aplicación para combatir los diferentes problemas de tu rostro y cuello.","La microcorriente plumps y tensa la piel de forma natural, al tiempo que suaviza la apariencia de las líneas finas. Con un dispositivo que incluye luz roja y microcorriente, el 90% de los usuarios reporta que la piel se ve más joven y saludable. Accede a tratamientos guiados para atacar diferentes zonas del rostro y el cuello, a través de la app.",0.785
"Microcurrent naturally plumps and firms the skin, while smoothing the appearance of fine lines. 90% of users report skin looks younger & healthier. Access guided treatments to target different problem areas of the face & neck, via the app.","Las microcorrientes rellenan y reafirman la piel de forma natural, suavizando la apariencia de las líneas de expresión. El 90% de los usuarios declaró sentir la piel más joven y sana. Accede a tratamientos guiados desde la aplicación para combatir los diferentes problemas de tu rostro y cuello.","Microcurrent plumps y firme el cutis, mientras alisa la apariencia de las líneas finas. El 90% de los usuarios reporta que la piel se ve más joven y saludable. Accede a tratamientos guiados para atacar diferentes zonas del rostro y el cuello, a través de la app.",0.7369
Travel pouch,Guía de inicio rápido,Bolsa de viaje,0.6012
General manual,Bolsa de transporte,Manual general,0.5699
"16 intensities, 4 guided massages & 5 massage patterns.",PRODUCTOS RELACIONADOS,"16 intensidades, 4 masajes guiados y 5 patrones de masaje.",0.3476
RELATED PRODUCTS,LUNA™ 4,Productos relacionados,0.5856
LUNA™ 4 body,LUNA™ 4 MEN,LUNA™ 4 cuerpo,0.7306
LUNA™ 4 mini,Más ligero que el aire. Para una limpieza suave y agradable.,LUNA™ 4 mini,0.2978
LUNA’s plus must-have sidekick,"Comienza el día limpiando tu rostro con este suave limpiador de espuma. Formulado con aminoácidos para rellenar tu piel y vitamina E para retener la hidratación. Tu piel lucirá suave, radiante y con apariencia saludable.","LUNA’s plus, compañero imprescindible",0.263
"All microcurrent devices must be used with a conductive serum, so we developed one exclusively for LUNATM plus. With squalane & hyaluronic acid. Rejuvenating. Antioxidant-rich. Ultra-hydrating.","Vegano, cruelty free, sin fragancia, probado dermatológicamente y para todo tipo de pieles.","Todos los dispositivos de microcorriente deben usarse con un suero conductor, por lo que hemos desarrollado uno exclusivo para LUNATM plus. Con escualano y ácido hialurónico. Reafirmante. Rico en antioxidantes. Ultra-hidratante.",0.4822
Unlock device,Micro-Foam Cleanser,Desbloquear dispositivo,0.5316
Tighten & firm,Reafirma y tonifica,Apretar y firmar,0.4385
Increases firmness,Mejora la firmeza,Aumenta la firmeza,0.7368
Reduces redness,Reduce las rojeces,Reduce la rojez,0.6313
"The world's first full-spectrum red light therapy with NIR. Mimics the sun’s natural healing wavelengths, delivering broad and narrow light while filtering out UV and blue.","El primer dispositivo del mundo de terapia con luz roja de espectro completo para el rejuvenecimiento de la piel. Aprovecha el poder reparador de la luz solar, pero sin los rayos dañinos.","La primera terapia con luz roja de espectro completo con NIR del mundo. Imita las longitudes de onda naturales de curación del sol, entregando luz amplia y estrecha mientras filtra los rayos UV y azul.",0.7238
Red light therapy to reduce wrinkles and significantly improve firmness and elasticity.,Disminuye las líneas de expresión y las imperfecciones con 3 luces LED.,Terapia roja de luz para reducir las arrugas y mejorar significativamente la firmeza y la elasticidad.,0.6074
"Near-infrared, red LED cleansing & microcurrent. For aging skin.",Limpieza facial con LED cercana de infrarrojos y microcorrientes para piel madura.,"Near-infrared, LED roja para limpieza y microcorriente. Para pieles envejecidas.",0.7286
A revolutionary NIR and red light therapy facial device clinically proven to reduce wrinkles in just 1 week.,Clínicamente probado para aumentar la hidratación de la piel un 126% en sólo 2 minutos.,"Un dispositivo facial de terapia de luz infrarroja cercana y roja, clínicamente probado para reducir las arrugas en solo 1 semana.",0.6312
"On-the-go deep facial hydration device that leaves you with a healthy, happy & hydrated complexion in just 2 mins.",Hidrata profundamente la piel en cualquier momento y lugar.,"Dispositivo de hidratación profunda facial en seco que te deja con una tez sana, feliz e hidratada en tan solo 2 minutos.",0.6723
Hands Down: LED Hand Masks Are Your Best Anti-Aging Move,No hay duda: las mascarillas LED son tu mejor opción antiedad,Manos a la obra: Las máscaras faciales LED son tu mejor movimiento anti-edad.,0.7276
DO RED LIGHT MASKS ACTUALLY WORK?,¿FUNCIONAN REALMENTE LAS MÁSCARAS LED DE LUZ ROJA?,¿Las máscaras de luz roja realmente funcionan?,0.6643
DOES IT HELP WITH WRINKLES?,¿AYUDAN A COMBATIR LAS ARRUGAS?,¿AYUDA CON LAS ARRIJONES?,0.6045
DOES RED LIGHT THERAPY WORK FOR HAIR LOSS?,¿LA TERAPIA DE LUZ ROJA FUNCIONA PARA COMBATIR LA PÉRDIDA DE CABELLO?,¿La terapia con luz roja funciona para la pérdida de cabello?,0.5448
HOW OFTEN SHOULD YOU DO RED LIGHT THERAPY?,¿CON QUÉ FRECUENCIA DEBO UTILIZAR LA TERAPIA DE LUZ ROJA?,¿Con qué frecuencia debería hacerse terapia roja?,0.6348
DOES IT HURT TO USE?,¿ES UNA TERAPIA DOLOROSA?,¿Le duele usarlo?,0.5692
DOES RED LIGHT THERAPY TIGHTEN SKIN?,¿LA TERAPIA DE LUZ ROJA TENSA LA PIEL?,¿La terapia con luz roja tensa la piel?,0.7086
IS RED LIGHT THERAPY SAFE DURING PREGNANCY?,¿ES SEGURA LA TERAPIA DE LUZ ROJA DURANTE EL EMBARAZO?,¿Es seguro el tratamiento con luz roja durante el embarazo?,0.668
HOW DEEP DOES RED LIGHT THERAPY PENETRATE?,¿A QUÉ PROFUNDIDAD PENETRA LA TERAPIA DE LUZ ROJA?,¿CUÁN PROFUNDO PENETRAN LAS LUZES ROJAS?,0.71
WHAT IS THE LED FREQUENCY WAVELENGTH OF THE RED LIGHT THERAPY?,¿CUÁL ES LA LONGITUD DE ONDA DE LA FRECUENCIA LED EN LA TERAPIA DE LUZ ROJA?,¿Cuál es la frecuencia de longitud de onda del LED de la terapia de luz roja?,0.641
"Experience remarkable transformations with FOREO's pro-level skincare essentials. Effortlessly eliminate the day's impurities and makeup residue, revealing a refreshed, revitalized, and irresistibly soft complexion. Take your skincare routine to unparalleled heights by embracing FOREO's range of deeply moisturizing cleansers, hydration-boosting masks, youth-preserving serums, and much more.","El cuidado facial depende de la calidad de tus dispositivos y productos cosméticos. Para lucir y sentirte mejor, escoge productos que mejoran tu bienestar y tu cuidado personal. Elige dispositivos, mascarillas, sérums y cualquier producto para la piel de nivel profesional para que puedas lucir un aspecto inmejorable.","Experimenta transformaciones notables con FOREO's esenciales de cuidado de la piel de nivel profesional. Elimina sin esfuerzo las impurezas y restos de maquillaje del día, revelando una tez renovada, revitalizada e irresistiblemente suave. Lleva tu rutina de cuidado de la piel a cotas inigualables abrazando la gama de limpiadores hidratantes en profundidad, mascarillas que aumentan la hidratación, sérums que preservan la juventud y mucho más.",0.6788
KIWI™ Pore Minimizing Toner Pads,KIWI™ Discos tonificantes y reductores de poros,KIWI™ Pads Reductores de Pores,0.7817
"Microcurrent facelift device that tightens and firms, providing a reverse-aging effect.","Tonificación facial de microcorrientes, con efecto antinvejecimiento.","Dispositivo de rejuvenecimiento facial por microcorriente que tensa y firme, proporcionando un efecto anti-edad.",0.7705
5-in-1 spa device for deep hydration & better absorption of active ingredients.,Dispositivo spa de cuidado facial doméstico.,Dispositivo spa 5 en 1 para hidratación profunda y mejor absorción de los ingredientes activos.,0.6636
Compact facial spa device that unlocks the full value of masks.,Dispositivo spa facial para un tratamiento rápido.,Dispositivo facial de spa compacto que desbloquea el valor total de las mascarillas.,0.6405
ISSA™ mini Sensitive Brush Head,Cabezal de cepillado ISSA™ mini Sensitive,ISSA™ mini Cepillo de Cabeza Sensible,0.691
