english,spanish,gemma3:4b-it-qat,endpoint,score
Highest price,Precio descendente,Mayor precio,bestsellers,0.6151
Sensitive Skin,Sensitive Skin,Piel sensible,bestsellers,0.6763
Best-selling 2-in-1 smart facial cleansing & firming device.,Dispositivo limpiador y reafirmante facial 2 en 1 más vendido.,Dispositivo inteligente de limpieza facial y reafirmante de venta más alta.,bestsellers,0.742
Combination Skin,Combination Skin,Piel mixta,bestsellers,0.7372
Like an iron for your wrinkles. Clinically proven to reduce wrinkles in just 1 week.,Clínicamente probado para reducir las arrugas en sólo 1 semana.,Como un hierro para tus arrugas. Clínicamente probado para reducir las arrugas en solo 1 semana.,bestsellers,0.6924
"Snatched skin anytime, anywhere with this travel-ready microcurrent device.",Piel deslumbrante en cualquier momento y lugar.,Piel arrebatada en cualquier momento y lugar con este dispositivo microcorriente listo para viajar.,bestsellers,0.4517
My orders,Mis pedidos,Mis órdenes,bestsellers,0.5639
GET THE CODE,CONSÍGUE EL CÓDIGO,OBTÉN EL CÓDIGO,bestsellers,0.6617
Popular Special offers Bestsellers Red light therapy,Popular Sorpresas especiales Superventas Terapia de luz roja,"Ofertas especiales populares, bestsellers, terapia de luz roja",bestsellers,0.7277
Bestsellers,Superventas,Bestsellers,bestsellers,0.7567
"Swedish beauty routine Facial cleansing LUNA™ 4 Anti-aging massage LUNA™ 4 plus Anti-aging massage, LED heating LUNA™ 4 MEN For men, anti-aging massage LUNA™ 4 mini For young skin, T-zone LUNA™ 4 go For travel or gym bag LUNA™ skincare Premium cleansers & balm LUNA™ devices All facial cleansing devices Facelift BEAR™ 2 Microcurrent toning device BEAR™ 2 go Microcurrent toning on-the-go BEAR™ 2 eyes & lips Microcurrent line smoothing device Facelift skincare Premium anti-aging skincare BEAR™ devices All premium facelift devices Hydration UFO™ 3 Deep facial hydration device UFO™ 3 LED Near-infrared and red light therapy device UFO™ 3 mini Red light therapy device for young skin UFO™ 3 go Portable red light therapy Masks Rejuvenation & hydration UFO™ devices All deep facial hydration devices Oral care issa™ 4 Hybrid silicone sonic toothbrush issa™ 4 plus Smart hybrid silicone sonic toothbrush issa™ 4 smile Hybrid silicone sonic toothbrush issa™ 4 baby For ages 0-3 ISSA™ devices All silicone sonic toothbrushes","RUTINA SUECAS DE BELLEZA Limpieza facial LUNA™ 4 Masaje antiedad LUNA™ 4 Plus Masaje antiedad y calor LED LUNA™ 4 Men Masaje antiedad para hombres LUNA™ 4 mini Zona-T, para piel joven LUNA™ 4 go Para llevar siempre contigo Cuidado de la piel LUNA™ Limpiadores y bálsamos faciales premium Dispositivos LUNA™ Todos los dispositivos de limpieza facial Lifting facial BEAR™ 2 Tonificador facial de microcorrientes BEAR™ 2 go Tonificación con microcorrientes sobre la marcha BEAR™ 2 eyes & lips Dispositivo rejuvenecedor de microcorrientes Lifting facial Cuidado de la piel antiedad Dispositivos BEAR™ Todos los dispositivos de lifting facial premium Hidratación UFO™ 3 Dispositivo de hidratación facial profunda UFO™ 3 LED Dispositivo LED para una hidratación facial profunda UFO™ 3 mini Hidratación facial profunda para piel joven UFO™ 3 go Hidratación facial profunda sobre la marcha Mascarillas Rejuvenecimiento e hidratación Dispositivos UFO™ Todos los dispositivos de hidratación facial profunda Cuidado bucal issa™ 4 Cepillo de dientes sónico híbrido de silicona issa™ 4 plus Cepillo de dientes sónico híbrido de silicona inteligente issa™ 4 smile Cepillo de dientes sónico híbrido de silicona issa™ 4 baby Para niños de 0 a 3 años Dispositivos ISSA™ Todos los cepillos de dientes sónicos de silicona","Rutina de belleza escandinava Limpieza facial LUNA™ 4 Masaje anti-edad LUNA™ 4 plus Masaje anti-edad, calefacción LED LUNA™ 4 MEN Para hombres, masaje anti-edad LUNA™ 4 mini Para piel joven, T-zona LUNA™ 4 go Para viajar o bolso de gimnasio Cuidado facial LUNA™ Productos de limpieza faciales premium Dispositivos LUNA™ Todos los dispositivos de limpieza facial L",bestsellers,0.6153
Facelift BEAR™ 2 Microcurrent toning device BEAR™ 2 go Microcurrent toning on-the-go BEAR™ 2 eyes & lips Microcurrent line smoothing device Facelift skincare Premium anti-aging skincare BEAR™ devices All premium facelift devices,Lifting facial BEAR™ 2 Tonificador facial de microcorrientes BEAR™ 2 go Tonificación con microcorrientes sobre la marcha BEAR™ 2 eyes & lips Dispositivo rejuvenecedor de microcorrientes Lifting facial Cuidado de la piel antiedad Dispositivos BEAR™ Todos los dispositivos de lifting facial premium,Facelift BEAR™ 2 Microcurrent toning device BEAR™ 2 go Microcurrent toning en el momento BEAR™ 2 ojos y labios Microcurrent alisadora de líneas dispositivo de cuidado facial premium cuidado antienvejecimiento premium dispositivos Facelift,bestsellers,0.6327
BEAR™ 2 go Microcurrent toning on-the-go,BEAR™ 2 go Tonificación con microcorrientes sobre la marcha,BEAR™ 2 go Tono microcorriente en cualquier lugar,bestsellers,0.7349
BEAR™ 2 eyes & lips Microcurrent line smoothing device,BEAR™ 2 eyes & lips Dispositivo rejuvenecedor de microcorrientes,BEAR™ 2 ojos y labios dispositivo de microcorriente para alisado de líneas,bestsellers,0.7642
Facelift skincare Premium anti-aging skincare,Lifting facial Cuidado de la piel antiedad,Facelift skincare Premium anti-envejecimiento skincare,bestsellers,0.7904
BEAR™ devices All premium facelift devices,Dispositivos BEAR™ Todos los dispositivos de lifting facial premium,Dispositivos de rejuvenecimiento facial premium BEAR™,bestsellers,0.7778
Hydration UFO™ 3 Deep facial hydration device UFO™ 3 LED Near-infrared and red light therapy device UFO™ 3 mini Red light therapy device for young skin UFO™ 3 go Portable red light therapy Masks Rejuvenation & hydration UFO™ devices All deep facial hydration devices,Hidratación UFO™ 3 Dispositivo de hidratación facial profunda UFO™ 3 LED Dispositivo LED para una hidratación facial profunda UFO™ 3 mini Hidratación facial profunda para piel joven UFO™ 3 go Hidratación facial profunda sobre la marcha Mascarillas Rejuvenecimiento e hidratación Dispositivos UFO™ Todos los dispositivos de hidratación facial profunda,Hidratación UFO™ 3 Dispositivo facial de hidratación profunda UFO™ 3 Dispositivo de terapia LED de infrarrojos y luz roja Dispositivo de terapia roja en miniatura para piel joven UFO™ 3 UFO™ 3 go Máscaras de terapia roja de luz Rejuvenecimiento e hidratación Dispositivos UFO™ 3 Todos los dispositivos de hidratación facial profunda,bestsellers,0.7417
UFO™ 3 LED Near-infrared and red light therapy device,UFO™ 3 LED Dispositivo LED para una hidratación facial profunda,UFO™ 3 dispositivo de terapia con luz infrarroja y roja.,bestsellers,0.6338
UFO™ 3 mini Red light therapy device for young skin,UFO™ 3 mini Hidratación facial profunda para piel joven,UFO™ 3 mini dispositivo de terapia de luz roja para la piel joven,bestsellers,0.7777
UFO™ 3 go Portable red light therapy,UFO™ 3 go Hidratación facial profunda sobre la marcha,UFO™ 3 go Portable luz roja terapia,bestsellers,0.5791
Oral care issa™ 4 Hybrid silicone sonic toothbrush issa™ 4 plus Smart hybrid silicone sonic toothbrush issa™ 4 smile Hybrid silicone sonic toothbrush issa™ 4 baby For ages 0-3 ISSA™ devices All silicone sonic toothbrushes,Cuidado bucal issa™ 4 Cepillo de dientes sónico híbrido de silicona issa™ 4 plus Cepillo de dientes sónico híbrido de silicona inteligente issa™ 4 smile Cepillo de dientes sónico híbrido de silicona issa™ 4 baby Para niños de 0 a 3 años Dispositivos ISSA™ Todos los cepillos de dientes sónicos de silicona,Cuidado oral issa™ 4 cepillo de dientes sonico de silicona híbrida issa™ 4 plus cepillo de dientes sonico de silicona híbrida issa™ 4 sonrisa Cepillo de dientes sonico de silicona híbrida issa™ 4 bebé Para edades de 0 a 3 Dispositivos ISSA™ Todos los cepillos de dientes sonicos de silicona,bestsellers,0.7004
FAQ™ anti-aging treatments Anti-aging FAQ™ 101 Clinical anti-aging FAQ™ 102 Advanced clinical anti-aging FAQ™ 103 Luxurious clinical anti-aging set FAQ™ P1 Primer Manuka honey primer FAQ™ skincare All FAQ™ skincare FAQ™ products All anti-aging treatments LED treatments NEW FAQ™ Dual LED Panel For anti-aging & blemishes FAQ™ LED Panel For anti-aging & blemishes FAQ™ 201 Anti-aging LED mask FAQ™ 202 Advanced anti-aging LED mask FAQ™ 211 Anti-aging neck & décolleté LED mask FAQ™ 221 Anti-aging LED hand mask FAQ™ skincare All FAQ™ skincare FAQ™ products All LED treatments Hair regrowth FAQ™ 301 LED hair strengthening scalp massager FAQ™ Scalp Serum Scalp recovery probiotic serum FAQ™ skincare All FAQ™ skincare FAQ™ products All hair treatments Face & body toning NEW FAQ™ 401 Dual microcurrent LED FAQ™ 402 Dual microcurrent NIR + red LED FAQ™ 411 Body microcurrent red LED FAQ™ Body Sculpt Serum Conductive body serum FAQ™ skincare All FAQ™ skincare FAQ™ products All toning treatments Skin rejuvenation NEW FAQ™ 501 Full-Spectrum Red Light Therapy FAQ™ 502 Full-Spectrum Red Light Therapy FAQ™ Red Light Serum FAQ™ skincare All FAQ™ skincare FAQ™ products All toning treatments,Tratamiento antiedad FAQ™ Antiedad FAQ™ 101 Antiedad de nivel clínico FAQ™ 102 Antiedad avanzada de nivel clínico FAQ™ 103 Exclusivo set antiedad de nivel clínico FAQ™ P1 Primer Base de miel de manuka FAQ™ Cuidado de la piel FAQ™ cuidado de la piel FAQ™ productos Tratamientos antiedad Tratamientos LED NUEVO FAQ™ Dual LED Panel Tratamiento anti-edad y anti-imperfecciones FAQ™ LED Panel Tratamiento anti-edad y anti-imperfecciones FAQ™ 201 Mascarilla LED antiedad FAQ™ 202 Mascarilla LED antiedad avanzada FAQ™ 211 Anti-aging neck & décolleté LED mask FAQ™ 221 Anti-aging LED hand mask FAQ™ Cuidado de la piel FAQ™ cuidado de la piel FAQ™ productos Tratamientos LED Crecimiento del cabello FAQ™ 301 Masajeador para fortalecer el cabello FAQ™ Scalp Serum Sérum para cabello y cuero cabelludo FAQ™ Cuidado de la piel FAQ™ cuidado de la piel FAQ™ productos Todos los tratamientos capilares Tonificación LED NUEVO FAQ™ 401 Microcorrientes duales LED FAQ™ 402 Microcorrientes duales + NIR y LED rojo FAQ™ 411 Microcorrientes para cuerpo + LED rojo FAQ™ Body Sculpt Serum Sérum conductor para cuerpo FAQ™ Cuidado de la piel Todo cuidado de la piel FAQ™ FAQ™ productos Todos los tratamientos tonificantes Rejuvenecimiento cutáneo NUEVO FAQ™ 501 Terapia de luz roja de espectro completo FAQ™ 502 Terapia de Luz Roja de Espectro Completo FAQ™ Red Light Serum FAQ™ skincare All FAQ™ skincare FAQ™ products All toning treatments,Preguntas frecuentes™ tratamientos anti-edad. Preguntas frecuentes™ anti-edad 101. Preguntas frecuentes™ anti-edad clínica 102. Preguntas frecuentes™ anti-edad clínica avanzada 103. Conjunto de tratamientos anti-edad de lujo. Preguntas frecuentes™ anti-edad clínica P1 Primer de miel de Manuka. Preguntas frecuentes™ cuidado de la piel. Preguntas frecuentes™ cuidado de la piel productos. Preguntas frecuentes™ tratamientos,bestsellers,0.4474
Anti-aging FAQ™ 101 Clinical anti-aging FAQ™ 102 Advanced clinical anti-aging FAQ™ 103 Luxurious clinical anti-aging set FAQ™ P1 Primer Manuka honey primer FAQ™ skincare All FAQ™ skincare FAQ™ products All anti-aging treatments,Antiedad FAQ™ 101 Antiedad de nivel clínico FAQ™ 102 Antiedad avanzada de nivel clínico FAQ™ 103 Exclusivo set antiedad de nivel clínico FAQ™ P1 Primer Base de miel de manuka FAQ™ Cuidado de la piel FAQ™ cuidado de la piel FAQ™ productos Tratamientos antiedad,Preguntas frecuentes anti-edad™ 101 Preguntas frecuentes anti-edad™ 102 Preguntas frecuentes anti-edad™ 103 Conjunto anti-edad™ de lujo preguntas frecuentes preguntas frecuentes cuidado de la piel preguntas frecuentes productos tratamientos anti-edad,bestsellers,0.5746
FAQ™ 101 Clinical anti-aging,FAQ™ 101 Antiedad de nivel clínico,Preguntas frecuentes™ 101 Anti-envejecimiento clínico,bestsellers,0.67
FAQ™ 102 Advanced clinical anti-aging,FAQ™ 102 Antiedad avanzada de nivel clínico,Preguntas frecuentes™ 102 Antienvejecimiento clínico avanzado,bestsellers,0.6711
FAQ™ 103 Luxurious clinical anti-aging set,FAQ™ 103 Exclusivo set antiedad de nivel clínico,Preguntas frecuentes™ 103 Conjunto clínico antienvejecimiento lujoso,bestsellers,0.6849
FAQ™ P1 Primer Manuka honey primer,FAQ™ P1 Primer Base de miel de manuka,Preguntas frecuentes™ P1 Primer Manuka honey,bestsellers,0.7385
FAQ™ skincare All FAQ™ skincare,FAQ™ Cuidado de la piel FAQ™ cuidado de la piel,Preguntas frecuentes™ cuidado de la piel,bestsellers,0.7915
LED treatments NEW FAQ™ Dual LED Panel For anti-aging & blemishes FAQ™ LED Panel For anti-aging & blemishes FAQ™ 201 Anti-aging LED mask FAQ™ 202 Advanced anti-aging LED mask FAQ™ 211 Anti-aging neck & décolleté LED mask FAQ™ 221 Anti-aging LED hand mask FAQ™ skincare All FAQ™ skincare FAQ™ products All LED treatments,Tratamientos LED NUEVO FAQ™ Dual LED Panel Tratamiento anti-edad y anti-imperfecciones FAQ™ LED Panel Tratamiento anti-edad y anti-imperfecciones FAQ™ 201 Mascarilla LED antiedad FAQ™ 202 Mascarilla LED antiedad avanzada FAQ™ 211 Anti-aging neck & décolleté LED mask FAQ™ 221 Anti-aging LED hand mask FAQ™ Cuidado de la piel FAQ™ cuidado de la piel FAQ™ productos Tratamientos LED,Tratamientos LED NUEVAS Preguntas Frecuentes™ Panel LED Dual Para el anti-edad y las manchas Preguntas Frecuentes™ Panel LED Para el anti-edad y las manchas Preguntas Frecuentes™ Máscara LED anti-edad 201 Preguntas Frecuentes™ Máscara LED avanzada anti-edad 202 Preguntas Frecuentes™ Máscara LED anti-edad cuello y décolleté,bestsellers,0.5744
FAQ™ Dual LED Panel For anti-aging & blemishes,FAQ™ Dual LED Panel Tratamiento anti-edad y anti-imperfecciones,Preguntas frecuentes™ Panel LED Dual Para el anti-edad y las manchas,bestsellers,0.6801
FAQ™ LED Panel For anti-aging & blemishes,FAQ™ LED Panel Tratamiento anti-edad y anti-imperfecciones,Preguntas frecuentes™ Panel LED Para el anti-edad y las manchas,bestsellers,0.6528
FAQ™ 211 Anti-aging neck & décolleté LED mask,FAQ™ 211 Anti-aging neck & décolleté LED mask,Preguntas frecuentes™ 211 Máscara LED anti-edad para cuello y escote,bestsellers,0.7585
FAQ™ 221 Anti-aging LED hand mask,FAQ™ 221 Anti-aging LED hand mask,Preguntas frecuentes™ 221 Máscara LED anti-edad para las manos,bestsellers,0.7431
FAQ™ products All LED treatments,FAQ™ productos Tratamientos LED,Preguntas frecuentes™ Productos Todos los tratamientos LED,bestsellers,0.7951
Hair regrowth FAQ™ 301 LED hair strengthening scalp massager FAQ™ Scalp Serum Scalp recovery probiotic serum FAQ™ skincare All FAQ™ skincare FAQ™ products All hair treatments,Crecimiento del cabello FAQ™ 301 Masajeador para fortalecer el cabello FAQ™ Scalp Serum Sérum para cabello y cuero cabelludo FAQ™ Cuidado de la piel FAQ™ cuidado de la piel FAQ™ productos Todos los tratamientos capilares,Preguntas frecuentes sobre el crecimiento del cabello™ Preguntas frecuentes sobre el fortalecimiento del cuero cabelludo con 301 LED™ Preguntas frecuentes sobre serum para el cuero cabelludo™ Preguntas frecuentes sobre recuperación del cuero cabelludo con probióticos™ Cuidados de la piel™ Preguntas frecuentes sobre productos de cuidado de la piel™ Todos los tratamientos para el cabello,bestsellers,0.5911
FAQ™ 301 LED hair strengthening scalp massager,FAQ™ 301 Masajeador para fortalecer el cabello,Preguntas frecuentes™ Masajeador de cuero cabelludo con 301 LED para fortalecer el cabello.,bestsellers,0.7222
FAQ™ Scalp Serum Scalp recovery probiotic serum,FAQ™ Scalp Serum Sérum para cabello y cuero cabelludo,Preguntas frecuentes™ Serum para el cuero cabelludo serum probiótico para la recuperación del cuero cabelludo,bestsellers,0.5631
Face & body toning NEW FAQ™ 401 Dual microcurrent LED FAQ™ 402 Dual microcurrent NIR + red LED FAQ™ 411 Body microcurrent red LED FAQ™ Body Sculpt Serum Conductive body serum FAQ™ skincare All FAQ™ skincare FAQ™ products All toning treatments,Tonificación LED NUEVO FAQ™ 401 Microcorrientes duales LED FAQ™ 402 Microcorrientes duales + NIR y LED rojo FAQ™ 411 Microcorrientes para cuerpo + LED rojo FAQ™ Body Sculpt Serum Sérum conductor para cuerpo FAQ™ Cuidado de la piel Todo cuidado de la piel FAQ™ FAQ™ productos Todos los tratamientos tonificantes,Face & body toning NUEVA Preguntas Frecuentes™ 401 Dual microcorriente LED Preguntas Frecuentes™ 402 Dual microcorriente NIR + LED rojo LED Preguntas Frecuentes™ 411 Microcorriente corporal LED rojo Preguntas Frecuentes™ Sérum de escultura corporal Sérum conductor de cuerpo Preguntas Frecuentes™ cuidado de la piel Preguntas Frecuentes™ productos Todos los tratamientos de,bestsellers,0.6005
FAQ™ 401 Dual microcurrent LED,FAQ™ 401 Microcorrientes duales LED,Preguntas frecuentes™ 401 Dual microcorriente LED,bestsellers,0.7866
FAQ™ 411 Body microcurrent red LED,FAQ™ 411 Microcorrientes para cuerpo + LED rojo,Preguntas frecuentes™ 411 Cuerpo microcorriente LED rojo,bestsellers,0.7333
FAQ™ Body Sculpt Serum Conductive body serum,FAQ™ Body Sculpt Serum Sérum conductor para cuerpo,Preguntas frecuentes Serum para esculpir el cuerpo serum conductor,bestsellers,0.5274
FAQ™ skincare All FAQ™ skincare,FAQ™ Cuidado de la piel Todo cuidado de la piel FAQ™,Preguntas frecuentes™ cuidado de la piel,bestsellers,0.7927
FAQ™ products All toning treatments,FAQ™ productos Todos los tratamientos tonificantes,Preguntas frecuentes™ Productos de todo tipo de tratamientos de tonificación.,bestsellers,0.6501
Skin rejuvenation NEW FAQ™ 501 Full-Spectrum Red Light Therapy FAQ™ 502 Full-Spectrum Red Light Therapy FAQ™ Red Light Serum FAQ™ skincare All FAQ™ skincare FAQ™ products All toning treatments,Rejuvenecimiento cutáneo NUEVO FAQ™ 501 Terapia de luz roja de espectro completo FAQ™ 502 Terapia de Luz Roja de Espectro Completo FAQ™ Red Light Serum FAQ™ skincare All FAQ™ skincare FAQ™ products All toning treatments,Rejuvenecimiento de la piel. Preguntas frecuentes™ 501 Terapia con luz roja de espectro completo. Preguntas frecuentes™ 502 Terapia con luz roja de espectro completo. Preguntas frecuentes™ Serum de luz roja. cuidado de la piel. Todas las preguntas frecuentes™ cuidado de la piel. Preguntas frecuentes™ productos. Todos los tratamientos de contorno.,bestsellers,0.5657
FAQ™ 502 Full-Spectrum Red Light Therapy,FAQ™ 502 Terapia de Luz Roja de Espectro Completo,Preguntas frecuentes™ 502 Terapia con luz roja de espectro completo,bestsellers,0.7845
FAQ™ Red Light Serum,FAQ™ Red Light Serum,Preguntas frecuentes Serum Rojo,bestsellers,0.5826
FAQ™ skincare All FAQ™ skincare,FAQ™ skincare All FAQ™ skincare,Preguntas frecuentes™ cuidado de la piel,bestsellers,0.6529
FAQ™ products All toning treatments,FAQ™ products All toning treatments,Preguntas frecuentes™ Productos de todos los tratamientos de tonificación.,bestsellers,0.5951
Specialized treatments Hair removal NEW PEACH™ 2 Pro Max Professional IPL hair removal device PEACH™ 2 IPL hair removal PEACH™ 2 go Travel-friendly IPL hair removal PEACH™ Cooling Prep Gel Cooling IPL hair removal gel Body care BEAR™ 2 body Microcurrent body toning LUNA™ 4 body Massaging body brush SUPERCHARGED™ serum Firming body serum Acne ESPADA™ 2 plus Recurring acne LED therapy ESPADA™ 2 Acne treatment device ESPADA™ Blemish Solution Concentrated acne gel ESPADA™ devices All acne treatment devices Eye care BEAR™ 2 eyes & lips Microcurrent line smoothing device IRIS™ 2 Rejuvenating eye massager Eye skincare Advanced eye care treatment Eye care devices All revitalizing eye massagers Pore care KIWI™ derma Diamond microdermabrasion KIWI™ Blackhead remover KIWI™ skincare Advanced pore care essentials Hair care LUNA™ 4 hair 2-in-1 LED scalp massager LUNA™ Dual-Peptide Scalp Serum For healthy hair,TRATAMIENTOS ESPECIALIZADOS Depilación NUEVO PEACH™ 2 Pro Max Depilación IPL de nivel profesional PEACH™ 2 Depilación IPL Luz Pulsada Intensa PEACH™ 2 go Depilación IPL de tamaño compacto PEACH™ Cooling Prep Gel Gel depilatorio IPL refrescante Cuidado corporal BEAR™ 2 body Microcurrent body toning LUNA™ 4 body Cepillo de masaje corporal SUPERCHARGED™ sérum Sérum corporal reafirmante Tratamiento contra el acné ESPADA™ 2 plus Terapia LED para eliminar el acné recurrente ESPADA™ 2 Dispositivo para el tratamiento del acné ESPADA™ Blemish Solution Gel concentrado antiacné Dispositivos ESPADA™ Todos los dispositivos para el tratamiento del acné Cuidado de tus ojos BEAR™ 2 eyes & lips Dispositivo rejuvenecedor de microcorrientes IRIS™ 2 Masajeador de ojos rejuvenecedor Cuidado para los ojos Tratamiento para el cuidado de los ojos Dispositivos para los ojos Todos los masajeadores de ojos revitalizantes Cuidado de los poros KIWI™ derma Microdermoabrasión con diamantes KIWI™ Aspirador de poros Cuidado de la piel KIWI™ Esenciales para el cuidado avanzado de los poros Cuidado del cabello LUNA™ 4 hair Masajeador LED de cuero cabelludo LUNA™ Dual-Peptide Scalp Serum Para un cabello saludable,Tratamientos especializados Depilación PEACH™ 2 Pro Max Profesional dispositivo de depilación IPL PEACH™ 2 depilación IPL PEACH™ 2 viaje PEACH™ Gel de preparación refrescante para depilación IPL gel de depilación IPL cuidado del cuerpo BEAR™ 2 cuerpo Microcorriente dispositivo de tonificación muscular del cuerpo LUNA™ 4 cuerpo cepillo masajeador corporal SUPERCHARGED™ serum de firmeza serum de firmeza para el cuerpo tratamiento de acné ESP,bestsellers,0.5791
Hair removal NEW PEACH™ 2 Pro Max Professional IPL hair removal device PEACH™ 2 IPL hair removal PEACH™ 2 go Travel-friendly IPL hair removal PEACH™ Cooling Prep Gel Cooling IPL hair removal gel,Depilación NUEVO PEACH™ 2 Pro Max Depilación IPL de nivel profesional PEACH™ 2 Depilación IPL Luz Pulsada Intensa PEACH™ 2 go Depilación IPL de tamaño compacto PEACH™ Cooling Prep Gel Gel depilatorio IPL refrescante,Eliminación de vello NUEVO PEACH™ 2 Pro Max Dispositivo profesional de eliminación de vello IPL PEACH™ 2 IPL para la eliminación de vello PEACH™ 2 Viaje-amigable Gel de preparación de enfriamiento IPL para la eliminación de vello gel,bestsellers,0.5779
PEACH™ Cooling Prep Gel Cooling IPL hair removal gel,PEACH™ Cooling Prep Gel Gel depilatorio IPL refrescante,PEACH™ Gel de Preparación para Enfriamiento de IPL para la Depilación de Vello,bestsellers,0.633
Body care BEAR™ 2 body Microcurrent body toning LUNA™ 4 body Massaging body brush SUPERCHARGED™ serum Firming body serum,Cuidado corporal BEAR™ 2 body Microcurrent body toning LUNA™ 4 body Cepillo de masaje corporal SUPERCHARGED™ sérum Sérum corporal reafirmante,Cuidado del cuerpo BEAR™ 2 cuerpo Microcorriente para tonificar el cuerpo LUNA™ 4 cuerpo Cepillo masajeador de cuerpo SUPERCHARGED™ serum de firmeza para el cuerpo,bestsellers,0.7367
BEAR™ 2 body Microcurrent body toning,BEAR™ 2 body Microcurrent body toning,BEAR™ 2 cuerpo Microcorriente tonificación corporal,bestsellers,0.7852
LUNA™ 4 body Massaging body brush,LUNA™ 4 body Cepillo de masaje corporal,LUNA™ 4 cuerpo cepillo masajeador,bestsellers,0.7578
SUPERCHARGED™ serum Firming body serum,SUPERCHARGED™ sérum Sérum corporal reafirmante,Super cargado™ serum Firmador de cuerpo serum,bestsellers,0.5755
Acne ESPADA™ 2 plus Recurring acne LED therapy ESPADA™ 2 Acne treatment device ESPADA™ Blemish Solution Concentrated acne gel ESPADA™ devices All acne treatment devices,Tratamiento contra el acné ESPADA™ 2 plus Terapia LED para eliminar el acné recurrente ESPADA™ 2 Dispositivo para el tratamiento del acné ESPADA™ Blemish Solution Gel concentrado antiacné Dispositivos ESPADA™ Todos los dispositivos para el tratamiento del acné,Acne ESPADA™ 2 plus Terapia LED para el acné recurrente ESPADA™ 2 Dispositivo de tratamiento del acné ESPADA™ Solución Concentrada para el acné ESPADA™ Dispositivos para el tratamiento de todo el acné,bestsellers,0.7922
Eye care BEAR™ 2 eyes & lips Microcurrent line smoothing device IRIS™ 2 Rejuvenating eye massager Eye skincare Advanced eye care treatment Eye care devices All revitalizing eye massagers,Cuidado de tus ojos BEAR™ 2 eyes & lips Dispositivo rejuvenecedor de microcorrientes IRIS™ 2 Masajeador de ojos rejuvenecedor Cuidado para los ojos Tratamiento para el cuidado de los ojos Dispositivos para los ojos Todos los masajeadores de ojos revitalizantes,"Cuidado ocular BEAR™ 2 dispositivo de alisado de microcorriente para 2 ojos y labios, masajeador rejuvenecedor para los ojos IRIS™ 2, tratamiento avanzado de cuidado ocular, dispositivos de cuidado ocular, todos los masajeadores oculares revitalizantes.",bestsellers,0.7275
Pore care KIWI™ derma Diamond microdermabrasion KIWI™ Blackhead remover KIWI™ skincare Advanced pore care essentials,Cuidado de los poros KIWI™ derma Microdermoabrasión con diamantes KIWI™ Aspirador de poros Cuidado de la piel KIWI™ Esenciales para el cuidado avanzado de los poros,Pore care KIWI™ derma Diamond microdermoabrasión KIWI™ removedor de comedones KIWI™ cuidado de la piel esenciales avanzados,bestsellers,0.7246
KIWI™ Blackhead remover,KIWI™ Aspirador de poros,KIWI™ Removedor de comedones negros,bestsellers,0.6409
Hair care LUNA™ 4 hair 2-in-1 LED scalp massager LUNA™ Dual-Peptide Scalp Serum For healthy hair,Cuidado del cabello LUNA™ 4 hair Masajeador LED de cuero cabelludo LUNA™ Dual-Peptide Scalp Serum Para un cabello saludable,Cuidado del cabello LUNA™ 4 cabello masajeador de cuero cabelludo con LED LUNA™ Suero Dual-Peptide para el cuero cabelludo para un cabello sano,bestsellers,0.7588
LUNA™ 4 hair 2-in-1 LED scalp massager,LUNA™ 4 hair Masajeador LED de cuero cabelludo,LUNA™ 4 pelo 2 en 1 masajeador de cuero cabelludo LED,bestsellers,0.7996
LUNA™ Dual-Peptide Scalp Serum For healthy hair,LUNA™ Dual-Peptide Scalp Serum Para un cabello saludable,Serum Dual-Peptide para el cuero cabelludo para cabello sano,bestsellers,0.7869
More Skincare Men,MÁS Cosméticos Hombres,Más Cuidado de la Piel para Hombres,bestsellers,0.5607
Skincare,Cosméticos,Cuidado de la piel,bestsellers,0.7069
About About The story of FOREO FOREO partnerships MYSA: Beauty & Wellbeing Journal Find your ideal FOREO device! Technologies behind Benefits Clinical Results & Expert Reviews Contact us,ACERCA DE ACERCA DE La historia de FOREO Colaboraciones de FOREO MYSA: blog de belleza y bienestar ¡Encuentra tu dispositivo FOREO ideal! Tecnologías y resultados Resultados clínicos y opiniones de expertos Contacta con nosotros,Sobre Sobre La historia de FOREO FOREO colaboraciones MYSA: Belleza y Bienestar Diario Encuentra tu dispositivo FOREO ideal! Tecnologías detrás Beneficios Resultados Clínicos y Reseñas Expertas Contacta con nosotros,bestsellers,0.754
About,ACERCA DE,Sobre,bestsellers,0.6412
MYSA: Beauty & Wellbeing Journal,MYSA: blog de belleza y bienestar,MYSA: Belleza y Bienestar Diario,bestsellers,0.7116
Technologies behind Benefits,Tecnologías y resultados,Tecnologías detrás de Beneficios,bestsellers,0.7949
Hong Kong SAR China Delivery estimate: 16/10/25,RAE de Hong Kong (China) Entrega prevista 16/10/25,Estimación de entrega: 16/10/25,bestsellers,0.788
Uzbekistan Delivery estimate: 20/10/25,Uzbekistán Entrega prevista 20/10/25,Estimación de entrega: 20/10/25,bestsellers,0.7864
Contact us,Contáctanos,Contacta con nosotros,bestsellers,0.6897
Orders & Shipping,Pedidos y envíos,Órdenes & Envío,bestsellers,0.7147
Support,Ayuda,Soporte,bestsellers,0.6228
About,Sobre FOREO,Sobre,bestsellers,0.7878
AI & Affiliate News,Noticias de afiliados,IA & Afiliados Noticias,bestsellers,0.6545
Become a partner,Asociados,Conviértete en socio,bestsellers,0.3752
Facelift,Lifting facial,Levantón facial,bestsellers,0.6828
Unlock the SECRET OFFERS first.,Tenemos un GRAN SECRETO que contarte.,Desbloquea primero las OFERTAS SECRETAS.,black-friday-preregistration,0.6189
More Skincare Men Shop all,MÁS Cosméticos Hombres Comprar todo,Más Cuidados de la Piel Hombre Tienda de Todo,black-friday-preregistration,0.425
Love beauty innovation?,Consigue ofertas exclusivas,"¿Amor por la belleza, la innovación?",black-friday-preregistration,0.5328
Pre-order & get two FAQ™ Red Light Peptide Serums.,Reserva ahora y consigue dos FAQ™ Red Light Peptide Serums de regalo.,Pre-ordena y obtén dos serums de péptidos de luz roja FAQ™.,faq-swiss-202,0.6498
Near infrared & red light therapy LED face mask,Una nueva generación de máscara LED.,Máscara facial de LED con terapia infrarroja cercana y luz roja.,faq-swiss-202,0.558
"Ultra-lightweight, wireless, and made with flexi-fit silicone, FAQ™ 202 LED light therapy mask is an entirely new generation of LED mask with red light therapy. Featuring 8 different wavelengths, including near-infrared, this mask boosts collagen and tackles wrinkles, age spots, dullness, uneven tone, and texture. Walk around freely while enjoying the benefits of red light therapy.","Las máscara LED faciales de silicona FAQ™ 200 son ultraligeras, inalámbricas y se adaptan a tu rostro como una segunda piel transparente para cubrirlo de forma uniforme. La terapia LED potencia la producción de colágeno para fortalecer las diferentes capas de la piel, y estimula su proceso de curación natural. Mientras, podrás moverte libremente y seguir con tu día a día.","Máscara de terapia LED roja de nueva generación, totalmente nueva, ligera, inalámbrica y fabricada con silicona flexi-fit. Cuenta con 8 diferentes longitudes de onda, incluyendo infrarrojo cercano, y aumenta el colágeno, aborda las arrugas, las manchas de la edad, el tono desigual y la textura. Camina libremente mientras disfrutas de los beneficios de la terapia roja.",faq-swiss-202,0.7154
FAQ™ 202 LED light therapy mask spread light evenly across your skin via 600 LED light points - ensuring the LED wavelengths evenly penetrate each millimeter of skin. 100% of users agree.,"La máscara LED FAQ™ 202 distribuye la luz uniformemente por la piel a través de 600 puntos optimizados de luz, lo que garantiza que las ondas LED penetren de forma uniforme en cada milímetro de la piel. El 100% de los usuarios están de acuerdo.",Preguntas frecuentes™ Máscara de terapia de luz LED 202 Distribuye la luz uniformemente sobre tu piel a través de 600 puntos LED - asegurando que las longitudes de onda LED penetren uniformemente cada milímetro de piel. El 100% de los usuarios están de acuerdo.,faq-swiss-202,0.7925
100% of users report FAQ™ 202 fits their face perfectly.,100% de los usuarios declaró que FAQ™ 202 se adaptó perfectamente a su rostro.,El 100% de los usuarios informa que la sección de preguntas frecuentes™ 202 encaja perfectamente en su cara.,faq-swiss-202,0.7089
"Ultra-lightweight, transparent and wireless, with an open eye and mouth design, and soft non-slip headband, FAQ™ 202 LED light therapy mask is unobtrusive and extremely comfortable to move around in while continuing with your day. 100% of users agree.","Ultraligera, inalámbrica y transparente, con abertura para los ojos y la boca y una cinta suave y antideslizante, FAQ™ 202 es una máscara discreta que te permite moverte cómodamente mientras continúas tu día. El 100% de los usuarios está de acuerdo.","Máscara de terapia LED 202 con luz, ultraligera, transparente y inalámbrica, con diseño de ojo y boca abiertos, y banda elástica suave y sin resbalar, es discreta y extremadamente cómoda de llevar mientras se continúa con el día. El 100% de los usuarios están de acuerdo.",faq-swiss-202,0.7285
Get a 5 minute quick-fix or target specific skin concerns with thorough pre-set routines on the FAQ™ Swiss app.,"Disfruta de un tratamiento rápido de 5 minutos, un tratamiento calmante y reparador, o un tratamiento que combate problemas específicos de tu piel con las rutinas prediseñadas de la aplicación FAQ™ Swiss.",Obtén una solución rápida de 5 minutos o aborda problemas cutáneos específicos con rutinas preestablecidas exhaustivas en la app FAQ™ Swiss.,faq-swiss-202,0.793
"FAQ™ 202 LED light therapy mask is USB rechargeable, ultra-hygienic, non-porous, easy to clean, and quick-drying. It also comes with its own display case.","FAQ™ 202 es una máscara recargable por USB, ultrahigiénica, no porosa y fácil de limpiar y de secar. Incluye un soporte expositor.","Preguntas frecuentes™ Máscara de terapia de luz LED de 202 LED es recargable por USB, ultra-higiénica, no porosa, fácil de limpiar y de secado rápido. También incluye su propio estuche.",faq-swiss-202,0.7509
Red light therapy,Tecnología LED antiedad,Terapia con luz roja,faq-swiss-202,0.5336
Get a 5 minute quick-fix or target specific skin concerns with thorough pre-set routines on the FAQTM Swiss app.,"Disfruta de un tratamiento rápido de 5 minutos, un tratamiento calmante y reparador, o un tratamiento que combate problemas específicos de tu piel con las rutinas prediseñadas de la aplicación FAQ™ Swiss.",Obtén una solución rápida de 5 minutos o aborda problemas cutáneos específicos con rutinas preestablecidas exhaustivas en la app FAQTM Swiss.,faq-swiss-202,0.793
Intended to stimulate the production of collagen & accelerate the repair of damaged skin cells.,"Penetra más profundamente que la luz LED roja para potenciar los beneficios. Mejora la apariencia de las arrugas, las manchas de la edad y la flacidez.",Diseñado para estimular la producción de colágeno y acelerar la reparación de las células de la piel dañadas.,faq-swiss-202,0.7096
Intended to improve the appearance of wrinkles.,Favorece la producción de colágeno y elastina para combatir los signos de envejecimiento cutáneo. El resultado es una apariencia más joven.,Diseñado para mejorar la apariencia de las arrugas.,faq-swiss-202,0.6468
Intended to improve the appearance of mild to moderate inflammatory acne.,"Elimina el acné, reduce la apariencia de las imperfecciones y previene futuras erupciones cutáneas.",Diseñado para mejorar la apariencia de la acne inflamatoria leve a moderada.,faq-swiss-202,0.6823
Yellow light (580 nm),Luz LED amarilla (570 nm),Luz amarilla (580 nm),faq-swiss-202,0.7077
Intended to improve hyperpigmentation.,Reduce la apariencia de las manchas de la edad y la hiperpigmentación.,Diseñado para mejorar la hiperpigmentación.,faq-swiss-202,0.7039
FAQ™ 202 plus Pre-order,FAQ™ 202 plus Pre-order,Preguntas frecuentes™ 202 plus Pre-ordenar,faq-swiss-202,0.7294
100% of users report FAQ™ 202 fits their face perfectly.,El 100% de los usuarios declaró que FAQ™ 202 se adaptó perfectamente a su rostro,El 100% de los usuarios informa que la sección de preguntas frecuentes™ 202 encaja perfectamente en su cara.,faq-swiss-202,0.7017
"Ultra-lightweight, wireless & open eye design with non-slip headband make it easy to move around.","Ultraligera, sin cables, con abertura para los ojos y cinta de cabeza antideslizante para que te puedas mover fácilmente.","Ligero, inalámbrico y con diseño de apertura ocular con banda de cabeza antideslizante hacen que sea fácil moverse.",faq-swiss-202,0.7648
FAQ™ 202 Silicone LED Face Mask,Máscara LED facial de silicona FAQ™ 202,Preguntas frecuentes™ 202 Máscara Facial LED de Silicona,faq-swiss-202,0.7733
60 mL FAQ™ Silicone Cleaning Spray,Spray limpiador de silicona FAQ™ 60 ml,60 mL FAQ™ Spray de Limpieza de Silicona,faq-swiss-202,0.7814
Display case,Estuche,Estantería de exhibición,faq-swiss-202,0.5376
"The ultimate best-buy bundle proves that a perfect pair can change a life. An Anti-Aging LED Mask with 8 wavelengths, including NIR, serves all skin needs, tackling everything from fine lines and pigmentation to blemishes and dullness. Combine the lightweight, wire-free LED mask with the FAQ™ Red Light Peptide Serum, an all-in-one antioxidant-rich serum with Peptides, Sea Daffodil, HA, Green Tea & Cica.","La aplicación FAQ™ Swiss incluye tratamientos prediseñados que tratan problemas específicos de la piel. El pack definitivo y más rentable demuestra que una pareja perfecta puede cambiar tu vida. Una máscara LED antiedad con 8 longitudes de onda, incluyendo NIR, que cubre todas las necesidades de la piel, desde líneas finas y pigmentación hasta imperfecciones y falta de luminosidad. Combina esta ligera máscara LED sin cables con el sérum FAQ™ Red Light Peptide, un sérum todo en uno rico en antioxidantes con péptidos, Narciso Marino, ácido hialurónico, té verde y cica.","El paquete más completo y mejor valorado demuestra que una pareja perfecta puede cambiar una vida. Una Máscara LED Anti-Edad con 8 longitudes de onda, incluyendo NIR, satisface todas las necesidades de la piel, abordando desde las líneas finas y la pigmentación hasta las manchas y la opacidad. Combina la máscara LED liviana, sin cables, con el suero Red Light Peptide, un suero todo en uno rico en antioxidantes con Péptidos,",faq-swiss-202,0.7506
"Collagen-boosting Peptides, brightening Sea Daffodil, hydrating HA, soothing Green Tea & Cica.","Péptidos que estimulan el colágeno, Narciso Marino que ilumina, ácido hialurónico que hidrata y té verde y cica que calman.","Peptidos que estimulan el colágeno, narciso marino iluminador, HA hidratante, té verde y cica calmante.",faq-swiss-202,0.7577
Preps and primes to optimize LED performance for best results while supporting the skin barrier.,"Prepara y potencia la piel para optimizar el rendimiento de la LED y conseguir los mejores resultados, además de proteger la barrera cutánea.",Preps y primes para optimizar el rendimiento del LED para obtener los mejores resultados mientras apoya la barrera de la piel.,faq-swiss-202,0.7329
"The ultimate best-buy bundle proves that a perfect pair can change a life. An Anti-Aging LED Mask with 8 (NIR + 7) wavelengths and extra LEDs in the forehead diamond, serves all skin needs, tackling everything from fine lines and pigmentation to blemishes and dullness. Combine the lightweight, wire-free LED mask with the FAQ™ Red Light Peptide Serum, an all-in-one antioxidant-rich serum with Peptides, Sea Daffodil, HA, Green Tea & Cica.","El pack definitivo y más rentable demuestra que una pareja perfecta puede cambiar tu vida. Una máscara LED antiedad con 8 longitudes de onda (NIR + 7) y LEDs extra en el diamante de la frente, que cubre todas las necesidades de la piel, tratando desde líneas finas y pigmentación hasta imperfecciones y falta de luminosidad. Combina esta ligera máscara LED sin cables con el sérum FAQ™ Red Light Peptide, un sérum todo en uno rico en antioxidantes con péptidos, Narciso Marino, ácido hialurónico, té verde y cica.","El paquete más completo demuestra que una pareja perfecta puede cambiar una vida. Una Máscara LED Anti-Edad con 8 (NIR + 7) longitudes de onda y LEDs adicionales en la frente, satisface todas las necesidades de la piel, abordando desde las líneas finas y la pigmentación hasta las imperfecciones y el opacidad. Combina la máscara LED ligera, sin cables, con el suero Red Light Peptide, un suero todo en uno rico en antioxid",faq-swiss-202,0.7555
FAQ™ Red Light Peptide Serum,FAQ™ Red Light Peptide Serum,Preguntas Frecuentes Pequeño Sérum de Peptidos Rojos,faq-swiss-202,0.5184
FAQ™ Dual LED Panel,FAQ™ Dual LED Panel,Preguntas frecuentes™ Panel LED Dual,faq-swiss-202,0.7897
The world's 1st full-spectrum red light,La primera luz roja de espectro completo del mundo,El mundo’s 1er foco rojo completo,faq-swiss-502,0.6066
Built to go deeper. Red light evolved.,Diseñado para llegar más profundo en la piel. Luz roja evolucionada.,Construido para ir más profundo. Luz roja evolucionada.,faq-swiss-502,0.7878
"Our bodies evolved to draw healing energy from the sun's red and near-infrared light - to fuel cellular function, support skin repair, and promote overall skin health. The problem is that the sun also exposes us to harmful UV and blue light, which can adversely cause skin aging, pigmentation, and DNA damage. So FAQ™ has engineered a revolutionary new device: a full-spectrum red light therapy device that mimics the full spectrum of the sun’s natural healing wavelengths - delivering both broad and narrow light wavelengths, while filtering out damaging UV and blue light. This isn’t just red light therapy. It’s the complete spectrum of skin rejuvenation.","Nuestros cuerpos han evolucionado para captar la energía reparadora de la luz roja y el infrarrojo cercano del sol, impulsando la función celular, favoreciendo la reparación de la piel y promoviendo su salud en general. El problema es que el sol también nos expone a radiaciones dañinas como los rayos UV y la luz azul, que pueden acelerar el envejecimiento cutáneo, causar pigmentación irregular y dañar el ADN. Por eso, FAQ™ ha desarrollado un dispositivo revolucionario: un equipo de terapia con luz roja de espectro completo que reproduce el espectro completo de las longitudes de onda naturales y reparadoras del sol, combinando luz roja de banda ancha y estrecha, y filtrando los rayos UV y la luz azul perjudiciales. Esto no es solo terapia con luz roja. Es el espectro completo del rejuvenecimiento cutáneo.","Nuestros cuerpos evolucionaron para extraer energía curativa de la luz roja y cercana al infrarrojo del sol - para alimentar la función celular, apoyar la reparación de la piel y promover la salud general de la piel. El problema es que el sol también nos expone a la luz UV y azul dañina, que puede causar el envejecimiento de la piel, la pigmentación y el daño al ADN. Por lo tanto, FAQ™ ha diseñado un dispositivo nuevo y revolucionario: un dispositivo",faq-swiss-502,0.7488
Reduces redness,Reduce el enrojecimiento,Reduce la rojez,faq-swiss-502,0.4924
Full-spectrum vs. traditional red light,Luz roja de espectro completo vs. tradicional,Full-espectro frente a la luz roja tradicional,faq-swiss-502,0.7939
"Engineered to erase blemishes so you don’t have to cover them. Harnessing the power of full-spectrum red light energy, FAQ™ 502 goes beyond superficial treatments by targeting the root causes of skin damage at a cellular level. Whether you need help minimizing the appearance of fine lines & wrinkles, targeting pigmentation irregularities, or reducing texture & redness, this device visibly improves overall skin quality, and restores your complexion to its healthiest. This isn’t just red light therapy. It’s the complete spectrum of skin rejuvenation.","Engineered to erase blemishes so you don’t have to cover them. Harnessing the power of full-spectrum red light energy, FAQ™ 502 goes beyond superficial treatments by targeting the root causes of skin damage at a cellular level. Whether you need help minimizing the appearance of fine lines & wrinkles, targeting pigmentation irregularities, or reducing texture & redness, this device visibly improves overall skin quality, and restores your complexion to its healthiest. This isn’t just red light therapy. It’s the complete spectrum of skin rejuvenation.","Ingenierizado para borrar las imperfecciones para que no tenga que cubrirlas. Aprovechando el poder de la energía de luz roja de espectro completo, la FAQ™ 502 va más allá de los tratamientos superficiales al atacar las causas profundas del daño en la piel a nivel celular. Tanto si necesita ayuda para minimizar la apariencia de líneas finas y arrugas, para atacar las irregularidades pigmentarias o para reducir la textura y la rojez,",faq-swiss-502,0.6759
Full-spectrum red light energy: mimics the sun’s natural healing wavelengths - broad & narrow red light (without harmful UV or blue light).,Full-spectrum red light energy: mimics the sun’s natural healing wavelengths - broad & narrow red light (without harmful UV or blue light).,Energía de luz roja de espectro completo: imita las longitudes de onda naturales de curación del sol - luz roja amplia y estrecha (sin luz ultravioleta ni azul dañina).,faq-swiss-502,0.706
"Multi-depth skin targeting: Broad-spectrum pulsed light reaches mid-to-deep dermal layers, while narrow LED wavelengths are absorbed at precise depths, to targer skin across all layers.","Multi-depth skin targeting: Broad-spectrum pulsed light reaches mid-to-deep dermal layers, while narrow LED wavelengths are absorbed at precise depths, to targer skin across all layers.","Objetivo de piel de múltiples niveles: La luz pulsada de amplio espectro alcanza las capas dérmicas medias a profundas, mientras que las longitudes de onda LED estrechas se absorben a profundidades precisas, para atacar la piel en todas las capas.",faq-swiss-502,0.6838
"Clinically-proven wavelengths: Pulsed light (590 - 1200 nm) promotes overall skin rejuvenation by addressing pigmentation issues (age spots, melasma), redness (rosacea) & minor scarring.","Clinically-proven wavelengths: Pulsed light (590 - 1200 nm) promotes overall skin rejuvenation by addressing pigmentation issues (age spots, melasma), redness (rosacea) & minor scarring.","Longitudes de onda clínicamente probadas: luz pulsada (590 - 1200 nm) promueve el rejuvenecimiento general de la piel al abordar problemas de pigmentación (manchas de la edad, melasma), enrojecimiento (rosácea) y cicatrices leves.",faq-swiss-502,0.7924
"Smart Swedish design: Full face & neck treatment takes just 2 mins. 5 customizable intensities, up to 4.4 J/cm², up to 10 flashes per second.","Smart Swedish design: Full face & neck treatment takes just 2 mins. 5 customizable intensities, up to 4.4 J/cm², up to 10 flashes per second.","Diseño inteligente sueco: tratamiento facial y de cuello que dura solo 2 minutos. 5 intensidades personalizables, hasta 4,4 J/cm², hasta 10 pulsaciones por segundo.",faq-swiss-502,0.7572
FAQ™ 502 device,FAQ™ 502 device,Preguntas frecuentes™ 502 dispositivo,faq-swiss-502,0.7936
Protective Glasses,Protective Glasses,Gafas protectoras,faq-swiss-502,0.6617
Glasses Pouch & Cleaning Cloth,Glasses Pouch & Cleaning Cloth,Estuche para gafas y paño de limpieza,faq-swiss-502,0.6391
Prep,Preparar,Prep,faq-swiss-502,0.6708
Protective eyewear,Gafas protectoras,Protección ocular,faq-swiss-502,0.6267
The power of healing sunlight in a device,"Toda la fuerza del sol para cuidar tu piel, en un solo dispositivo",El poder de la luz solar curativa en un dispositivo,index,0.7952
SKINCARE,COSMÉTICOS,Cuero,index,0.3464
FAQ™ Scalp Recovery & Thick Hair Probiotic Serum,FAQ™ Sérum probiótico para cabello y cuero cabelludo,Preguntas frecuentes™ Recuperación del cuero cabelludo y suero probiótico para cabello grueso,index,0.7158
IRIS™ Hydrating Hydrogel Eye Mask,IRIS™ Hydrating Hydrogel Eye Mask,IRIS™ Mascarilla Hidrogel Calmante para los Ojos,index,0.7789
More than skincare. A statement piece.,Esto es más que cuidado de la piel: es un accesorio único.,Más que cuidado de la piel. Una declaración.,index,0.7307
3 steps for a face that can face anything,Reinventa tu rutina en tres pasos profesionales,3 pasos para un rostro que pueda enfrentarlo todo,index,0.6554
"Your skin wants to breathe. To glow. To be firm. The good news is: getting pro-level results is now easier than ever. You can do it anytime, anywhere. Effortlessly. So forget about spending at least an hour at a beauty salon. Check out these 4 products used for a 6-minute routine recommended by Vogue.","Deja a tu piel respirar, tonifícala de forma natural, y dale luminosidad gracias a las luces LED y al ritual con mascarilla facial. Disfruta de resultados profesionales sin importar donde estés. Es tan sencillo como leer la rutina de 6 minutos recomendada por Vogue.","Tu piel quiere respirar. Para brillar. Para ser firme. La buena noticia es: conseguir resultados de nivel profesional es ahora más fácil que nunca. Puedes hacerlo en cualquier momento, en cualquier lugar. Sin esfuerzo. Así que olvídate de pasar al menos una hora en un salón de belleza. Echa un vistazo a estos 4 productos utilizados para una rutina de 6 minutos recomendada por Vogue.",index,0.7517
UFOTM Step 3 Hydrate,UFOTM Paso 3 Hidrátate,UFOTM Paso 3 Hidrata,index,0.7704
ISSATM Step 3 1/2 Smile,ISSATM Paso 3 1/2 Sonríe,ISSATM Paso 3 1/2 Sonrisa,index,0.7713
"...when I use the LUNA™ mini 2 and put on my cleanser, before I even take a shower, it just brings the blood supply to my skin, and you know...it just helps everything settle faster in the morning.","...cuando uso LUNA™ mini 2 con mi limpiador facial antes de ducharme estimulo la circulación sanguínea de mi piel, y lo cierto es que me ayuda a comenzar bien el día.","...cuando uso el LUNA™ mini 2 y pongo mi limpiador, antes de siquiera ducharme, simplemente aporta al flujo sanguíneo a mi piel, y sabes... simplemente ayuda a que todo se asiente más rápido por la mañana.",index,0.7567
"I think probably one of the hugest benefits is that this only takes 90 seconds. Everyone is always in a rush these days, and I think if we could all mask in the morning we would – the UFO™ definitely makes that possible.","Creo que uno de los mayores beneficios es que sólo requiere 90 segundos de uso. Hoy en día todo el mundo tiene prisa, y si pudiéramos disfrutar de una mascarilla todos los días lo haríamos. UFO™ lo hace realmente posible.","Creo que uno de los beneficios más grandes es que esto solo lleva 90 segundos. Todo el mundo siempre está apurado últimamente, y creo que si todos pudiéramos ponernos una mascarilla por la mañana, el UFO™ definitivamente lo hace posible.",index,0.7889
"When my eyes get puffy, I pull out my FOREO IRIS™ massager — it mimics the tapping used in traditional Asian skin care. It looks like a vibrator, so I call it my 'eyebrator.'","Cuando siento mis ojos hinchados, uso el masajeador FOREO IRIS™ . Este masajeador imita el masaje de presión tradicional asiático utilizado en el cuidado de la piel. Parece un vibrador, así que lo puedes considerar un 'vibrador para los ojos'.","Cuando mis ojos se hunden, saca mi FOREO IRIS™ masajador – imita el golpe utilizado en los cuidados tradicionales asiáticos de la piel. Parece un vibrador, así que lo llamo mi 'eyebrator'.",index,0.6228
250+ AWARDS,MÁS DE 250 GALARDONES,250+ PREMIOS,index,0.6946
Fewer wrinkles. In just 1 week.,Reafirma y tonifica. En 1 semana.,Menos arrugas. En solo 1 semana.,index,0.7745
That's right. We just hacked aging.,Así es. Hemos descifrado el envejecimiento.,Eso es correcto. Acabamos de hackear el envejecimiento.,index,0.71
You absolutely must own this,El dispositivo que debes tener,Debes absolutamente poseer esto,index,0.6998
LET’S GET IN TOUCH,CONECTA CON NOSOTROS,Pónganse en contacto,index,0.4691
The exciting story of FOREO family,La apasionante historia de FOREO,La emocionante historia de FOREO familia,index,0.7787
Behind our global presence is a simple idea: to help millions of people feel great in their own skin. By getting professional results without leaving home.,"Detrás de cualquier éxito, hay una historia. La nuestra empezó con la idea de mejorar el cuidado personal, y ahora ayudamos a millones de personas a sentirse y verse mejor.",Detrás de nuestra presencia global hay una idea sencilla: ayudar a millones de personas a sentirse bien consigo mismas. Obtener resultados profesionales sin salir de casa.,index,0.7979
Reduce blemishes,Reduce las imperfecciones,Reducir las manchas,luna-collection,0.7398
Clinical-consumer results,Resultados clínicos,Resultados clínicos-consumidor,luna-collection,0.7425
"Are you ready to experience the gentlest and most effective cleanse of your life? LUNA™ 4 removes 99% of dirt, oil and makeup residue while promoting circulation, lymphatic drainage and absorption of active ingredients - all thanks to T-Sonic™ pulsations. Personalize the device to your skin needs, and enjoy video-guided skin firming massages via the app to enjoy a premium skincare experience whenever you want. Because you deserve a routine as unique as your skin.","¿Sabías que tu piel acumula más de 4 kilos de suciedad y células muertas en un año? Limpiar tu rostro con las manos no es muy eficaz. Por eso, hemos creado un dispositivo de limpieza facial 2 en 1 que elimina el 99% de suciedad, grasa y restos de maquillaje, y lo hemos probado clínicamente.","¿Está usted listo para experimentar el limpiador más suave y eficaz de su vida? LUNA™ 4 elimina el 99% del sucio, el aceite y los residuos de maquillaje, al tiempo que promueve la circulación, el drenaje linfático y la absorción de ingredientes activos, todo gracias a las pulsaciones T-Sonic™. Personalice el dispositivo para satisfacer las necesidades de su piel y disfrute de masajes faciales guiados por vídeo a través de la aplicación",luna-collection,0.7136
Deep Tissue Massage,Masaje de tejido profundo,Masaje Profundo,luna-collection,0.7104
Trigger Point Massage Relieves muscle tightness - neck.,Masaje de puntos gatillo Calma la tensión muscular - cuello.,Masaje en los puntos de desencadenamiento alivia la tensión muscular - cuello.,luna-collection,0.7669
Promotes calm - forehead & temples.,Favorece la relajación - frente y sien.,Promueve la calma - frente y sienes.,luna-collection,0.7259
Restores energy - eyebrows & ears.,Restaura la energía - pestañas y oídos.,Restaura energía - cejas y orejas.,luna-collection,0.7607
Firm,Reafirma,Firma,luna-collection,0.671
"Apply FOREO's Serum. Turn on device & press the universal button to activate firming massage, or select preferred firming massage routine in FOREO app.","Aplica FOREO Serum. Enciende el dispositivo y pulsa el botón central para activar el masaje reafirmante, o selecciona tu rutina de masaje reafirmante favorita en la aplicación de FOREO.","Aplicar el Serum de FOREO. Encender el dispositivo y presionar el botón universal para activar la masajeadora firmeadora, o seleccionar la rutina de masajeadora firmeadora preferida en la app FOREO.",luna-collection,0.7716
One-time investment,Una inversión para siempre,Inversión única,luna-collection,0.7581
PRESS LOVES IT,PRESS LOVES IT,PRESENCIA LO QUIERE,luna-collection,0.4216
"FOREO Imagination™ has a luxurious, creamy texture, taking away the homemade feel of DIY masks and making them feel as fancy as a clinic treatment for a spa at home vibe.","FOREO Imagination™ tiene una textura cremosa y agradable que mejora la sensación de tu mascarilla facial casera para transformarla en un experiencia similar a la de un tratamiento clínico, desde la comodidad de tu casa.","FOREO Imagination™ tiene una textura lujosa y cremosa, eliminando la sensación casera de las mascarillas hechas en casa y haciéndolas sentir tan elegantes como un tratamiento de clínica en un ambiente de spa en casa.",luna-collection,0.7691
T-SonicTM pulsations,Pulsaciones T-SonicTM Silicona ultra higiénica,T-Sonic™ pulsaciones,luna-collection,0.7367
LUNA™ 4 hair,LUNA™ 4 hair,LUNA™ 4 pelo,luna-collection,0.6329
Canada Delivery estimate: 19/10/25,Canadá Entrega prevista 10/19/25,Envío de Canadá: estimación del 19/10/25,luna-collection,0.7501
Bahrain Delivery estimate: 16/10/25,Baréin Entrega prevista 10/16/25,Entrega en Bahrein: 16/10/25,luna-collection,0.784
Hong Kong SAR China Delivery estimate: 16/10/25,RAE de Hong Kong (China) Entrega prevista 10/16/25,Estimación de entrega: 16/10/25,luna-collection,0.7605
Uzbekistan Delivery estimate: 20/10/25,Uzbekistán Entrega prevista 10/20/25,Estimación de entrega: 20/10/25,luna-collection,0.7904
"Immediate lift, deep cleanse","Reafirmación inmediata, limpieza profunda","Levantamiento inmediato, limpieza profunda",luna-facial-cleansing,0.7622
Highest price,Highest price,Mayor precio,luna-facial-cleansing,0.7475
Lowest price,Lowest price,Precio más bajo,luna-facial-cleansing,0.7761
Best-selling 2-in-1 smart facial cleansing & firming device.,Best-selling 2-in-1 smart facial cleansing & firming device.,Dispositivo inteligente de limpieza facial y reafirmante de venta más alta.,luna-facial-cleansing,0.591
"Near-infrared, red LED cleansing & microcurrent. For aging skin.","Near-infrared, red LED cleansing & microcurrent. For aging skin.","Infrarrojo cercano, LED rojo de limpieza y microcorriente. Para la piel madura.",luna-facial-cleansing,0.7442
Dual-sided facial cleansing massager.,Dual-sided facial cleansing massager.,Masajeador facial de doble cara.,luna-facial-cleansing,0.7171
Travel-friendly facial cleansing & massaging device.,Travel-friendly facial cleansing & massaging device.,Dispositivo de limpieza facial y masaje apto para viajar.,luna-facial-cleansing,0.7971
Combination skin,Combination skin,Piel mixta,luna-facial-cleansing,0.7306
Soft silicone facial cleansing brush for every skin type.,Soft silicone facial cleansing brush for every skin type.,Cepillo facial de silicona suave para todo tipo de piel.,luna-facial-cleansing,0.6239
Sensitive skin,Sensitive skin,Piel sensible,luna-facial-cleansing,0.7007
Thermo-facial cleansing brush that lifts your face with microcurrent.,Thermo-facial cleansing brush that lifts your face with microcurrent.,Cepillo de limpieza facial termofacial que levanta la cara con microcorriente.,luna-facial-cleansing,0.7165
Compact dual-sided facial cleansing brush for all skin types.,Compact dual-sided facial cleansing brush for all skin types.,Cepillo facial de doble cara compacto para todo tipo de piel.,luna-facial-cleansing,0.6352
The most gentle cleanse,The most gentle cleanse,La limpieza más suave,luna-facial-cleansing,0.7511
Tiny but mighty facial cleansing brush for skincare on the go.,Tiny but mighty facial cleansing brush for skincare on the go.,Cepillo facial de limpieza pequeño pero potente para el cuidado de la piel en movimiento.,luna-facial-cleansing,0.6183
Cleanse & refresh on-the-go,Piel limpia y fresca estés donde estés,Limpiar y refrescar sobre la marcha,luna-go-collection,0.467
Your travel-friendly skincare essential.,Cuidado de la piel en el gimnasio o de viaje,Tu esencial de cuidado de la piel para viajar.,luna-go-collection,0.6401
"LUNA™ 4's little sister - perfect for the times when you really need to cleanse your skin while out and about — after sweating at the gym, sleeping on a flight, or lying on the beach.","Toma el control del estado de tu piel incluso en los días más ajetreados. LUNATM 4 go es el hermano pequeño de LUNATM 4, y ha sido probado clínicamente que elimina el 99% de suciedad, grasa y restos de maquillaje. Es perfecto para esos momentos en los que necesitas limpiar tu piel fuera de casa - después de sudar en el gimnasio, dormir en un vuelo o descansar en la playa.","La hermana pequeña de LUNA™ 4 - perfecta para cuando realmente necesitas limpiar tu piel mientras estás fuera de casa: después de sudar en el gimnasio, dormir en un vuelo o tumbarte en la playa.",luna-go-collection,0.7125
"Effortless 1-min facial cleanse? Check. Targeted firming facial massage? Check. Light, compact, and travel-friendly? Check. Fresh, healthy-looking radiance? You know it!","¿Limpieza facial de 1 minuto sin esfuerzo? Sí. ¿Masaje facial reafirmante y preciso? Sí. ¿Ligero, compacto y fácil de transportar? Sí. ¿Piel fresca, sana y luminosa? ¡Por supuesto!","Limpieza facial de 1 minuto sin esfuerzo? Comprobado. Masaje facial reafirmante dirigido? Comprobado. Ligero, compacto y apto para viajar? Comprobado. Luminosidad fresca y saludable? ¡Lo sabes!",luna-go-collection,0.774
Travel-friendly,Ideal para llevar de viaje,Viajero-amigable,luna-go-collection,0.5569
Healthy complexion,Piel más sana,Complexión saludable,luna-go-collection,0.6186
Firm,Reafirma la piel,Firma,luna-go-collection,0.547
SUPERCHARGED™ Barrier Restoring Essence Mist,SUPERCHARGED™ Bruma facial restauradora,SUPERCHARGED™ Esencia Nebulosa Restauradora de Barrera,luna-go-collection,0.6409
Affiliate News,Noticias de afiliados,Afiliados Noticias,luna-go-collection,0.7913
Smoother shave,Afeitado más suave,A afeitar más suave,luna-men-collection,0.7092
"90% of users report a closer shave, less razor burn and longer lasting razor blades.",El 90% de los usuarios declaró sentir el afeitado más apurado y menos irritación.,"El 90% de los usuarios informa de un afeitado más cercano, menos irritación por la cuchilla y láminas de cuchilla que duran más.",luna-men-collection,0.7201
100% of users report it's better than cleansing by hand.,El 100% de los usuarios declaró sentir la piel mejor que al limpiarla con las manos,El 100% de los usuarios informa que es mejor que limpiarlo a mano.,luna-men-collection,0.7356
"16 intensities, 4 guided massages & 600 uses per USB charge.","16 intensidades, 3 modos de limpieza, 4 masajes guiados y 5 tipos de masaje","16 intensidades, 4 masajes guiados y 600 usos por carga USB.",luna-men-collection,0.7026
LUNA™ 2-in-1 Shaving + Cleansing Foaming Cream 2.0,LUNA™ 2-in-1 Shaving + Cleansing Foaming Cream 2.0,LUNA™ 2-en-1 Crema Espumosa de Afeitado y Limpieza 2.0,luna-men-collection,0.7384
About The story of FOREO FOREO partnerships MYSA: Beauty & Wellbeing Journal Find your ideal FOREO device! Technologies behind Benefits Clinical Results & Expert Reviews Contact us,ACERCA DE La historia de FOREO Colaboraciones de FOREO MYSA: blog de belleza y bienestar ¡Encuentra tu dispositivo FOREO ideal! Tecnologías y resultados Resultados clínicos y opiniones de expertos Contacta con nosotros,Sobre La historia de FOREO FOREO asociaciones MYSA: Belleza y Bienestar Diario Encuentra tu dispositivo FOREO ideal! Tecnologías detrás Beneficios Resultados Clínicos y Reseñas de Expertos Contacta con nosotros,luna-men-collection,0.7408
Clean skin. Fewer breakouts. Instant glow.,"Una piel limpia, sana y radiante. Todos los días.",Piel limpia. Menos brotes. Brillo instantáneo.,luna-mini-collection,0.6377
Glow Boost,Glow Boost,Aumento de brillo,luna-mini-collection,0.6951
Healthy complexion,Una piel sana,Complexión saludable,luna-mini-collection,0.5806
"LUNATM 4 mini uses T-SonicTM pulsations and velvety-soft silicone touchpoints to remove impurities trapped deep within pores. It is clinically proven to remove 99% of dirt, oil and makeup residue, and is 35x more hygienic than brushes with nylon bristles.","LUNATM 4 mini uses T-SonicTM pulsations and velvety-soft silicone touchpoints to remove impurities trapped deep within pores. It is clinically proven to remove 99% of dirt, oil and makeup residue, and is 35x more hygienic than brushes with nylon bristles.","LUNATM 4 mini utiliza pulsaciones T-SonicTM y puntos de contacto de silicona suave como la seda para eliminar las impurezas atrapadas profundamente en los poros. Está clínicamente probado para eliminar el 99% del sucio, el aceite y los residuos de maquillaje, y es 35 veces más higiénico que los cepillos con cerdas de nailon.",luna-mini-collection,0.7447
Reveal a radiant complexion in just 30 seconds. Quick-press Glow Boost mode gets you flawless skin when there’s no time for a full routine. 100% of users report more radiant skin after use.,Reveal a radiant complexion in just 30 seconds. Quick-press Glow Boost mode gets you flawless skin when there’s no time for a full routine. 100% of users report more radiant skin after use.,Revela una tez radiante en tan solo 30 segundos. El modo Glow Boost de un solo toque te consigue una piel perfecta cuando no hay tiempo para una rutina completa. El 100% de los usuarios reporta una piel más radiante tras su uso.,luna-mini-collection,0.7904
Healthy complexion,Healthy complexion,Complexión saludable,luna-mini-collection,0.7062
"T-SonicTM pulsations boost microcirculation - delivering nutrients to skin cells and eliminating toxins, while boosting lymphatic drainage. 100% of users report more refreshed skin, with 96% claiming skin looks healthier.","T-SonicTM pulsations boost microcirculation - delivering nutrients to skin cells and eliminating toxins, while boosting lymphatic drainage. 100% of users report more refreshed skin, with 96% claiming skin looks healthier.","Las pulsaciones T-Sonic™ mejoran la microcirculación - entregando nutrientes a las células de la piel y eliminando toxinas, mientras estimulan el drenaje linfático. El 100% de los usuarios reporta una piel más fresca, y el 96% afirma que la piel se ve más sana.",luna-mini-collection,0.7958
Flawless prep,Flawless prep,Preparación impecable,luna-mini-collection,0.7964
"Prep your skin for the most effective skincare routine. LUNATM 4 mini enables the active ingredients in your creams, serums, and masks to penetrate deep into skin, where they work the best. 98% of users report better absorption of skincare products.","Prep your skin for the most effective skincare routine. LUNATM 4 mini enables the active ingredients in your creams, serums, and masks to penetrate deep into skin, where they work the best. 98% of users report better absorption of skincare products.","Prepara tu piel para la rutina de cuidado más eficaz. LUNATM 4 mini permite que los ingredientes activos de tus cremas, sérums y mascarillas penetren profundamente en la piel, donde funcionan mejor. El 98% de los usuarios informa de una mejor absorción de los productos de cuidado de la piel.",luna-mini-collection,0.7636
Reduce blemishes,Reduce blemishes,Reducir las manchas,luna-mini-collection,0.7476
"Made of ultra-hygienic silicone, LUNATM 4 mini is bacteria-resistant to reduce breakouts. It also gently exfoliates skin, removing dead skin cells to reveal fresh healthy skin below. 81% of users report reduced appearance of blemishes.","Made of ultra-hygienic silicone, LUNATM 4 mini is bacteria-resistant to reduce breakouts. It also gently exfoliates skin, removing dead skin cells to reveal fresh healthy skin below. 81% of users report reduced appearance of blemishes.","Hecho de silicona ultra-higiénica, LUNATM 4 mini es resistente a las bacterias para reducir las brotadas. También exfolia suavemente la piel, eliminando las células muertas de la piel para revelar una piel fresca y saludable debajo. El 81% de los usuarios informa de una reducción en la apariencia de las imperfecciones.",luna-mini-collection,0.7568
LUNATM 4 mini’s revolutionary silicone touchpoints are now 17% softer to glide even more effortlessly across the skin and preserve natural elasticity. It offers 12 intensities and lasts up to 500 uses per one USB charge. No replacement parts needed. Ever.,LUNATM 4 mini’s revolutionary silicone touchpoints are now 17% softer to glide even more effortlessly across the skin and preserve natural elasticity. It offers 12 intensities and lasts up to 500 uses per one USB charge. No replacement parts needed. Ever.,Los puntos de contacto de silicona revolucionarios de LUNATM 4 mini son ahora un 17% más suaves para deslizarse aún más sin esfuerzo sobre la piel y preservar la elasticidad natural. Ofrece 12 intensidades y dura hasta 500 usos con una sola carga USB. No se necesitan piezas de repuesto. Nunca.,luna-mini-collection,0.7858
2-zone brush head & quick 30-second Glow Boost mode for ultimate ease.,Cabezal de 2 zonas y modo rápido Glow Boost para facilitar la limpieza.,Cabezal de cepillo de 2 zonas y modo de impulso de brillo de 30 segundos para la máxima facilidad.,luna-mini-collection,0.762
Rinse,Aclara,Enjuagar,luna-mini-collection,0.6261
IRIS™ C-Concentrated Brightening Eye Cream,IRIS™ C-Concentrated Brightening Eye Cream,IRIS™ C-Concentrado Iluminador para el Contorno de los Ojos,luna-mini-collection,0.7061
Firm & plump,Reafirma y rellena,Firme y redondo,luna-plus-collection,0.5003
"Microcurrent naturally plumps and firms the skin, while smoothing the appearance of fine lines. 90% of users report skin looks younger & healthier. Access guided treatments to target different problem areas of the face & neck, via the app.","Las microcorrientes rellenan y reafirman la piel de forma natural, suavizando la apariencia de las líneas de expresión. El 90% de los usuarios declaró sentir la piel más joven y sana. Accede a tratamientos guiados desde la aplicación para combatir los diferentes problemas de tu rostro y cuello.","Microcorriente plumps y tensa la piel de forma natural, mientras alisa la apariencia de las líneas finas. El 90% de los usuarios reporta que la piel luce más joven y saludable. Accede a tratamientos guiados para atacar diferentes zonas del rostro y el cuello, a través de la app.",luna-plus-collection,0.7915
"Introducing the only facial cleansing device with clinical-grade anti-aging treatments – targeted microcurrent, NIR & red LED light therapy. Indulge your skin in a gentle heated cleanse, while LUNA™ 4 plus smooths fine lines & refines the complexion – so skin looks visibly tighter, firmer & brighter in mins.","Te presentamos el único dispositivo de limpieza facial con tratamientos antiedad de nivel clínico, basados en una combinación de microcorrientes y terapia de luz LED. Mima tu piel con una agradable limpieza térmica mientras LUNA™ 4 plus suaviza las líneas de expresión y define su apariencia para que luzca más firme y luminosa en minutos.","Presentando el único dispositivo de limpieza facial con tratamientos antienvejecimiento de grado clínico – microcorriente dirigida, terapia con luz NIR y LED roja. Disfrute de su piel con una limpieza suave y calentada, mientras que LUNA™ 4 alisa las líneas finas y refina la tez – para que la piel se vea visiblemente más tensa, firme y luminosa en minutos.",luna-plus-collection,0.7992
Unlock device,Micro-Foam Cleanser,Desbloquear dispositivo,luna-plus-collection,0.5313
Tighten & firm,Reafirma y tonifica,Apretar y firmar,luna-plus-collection,0.4385
Increases firmness,Mejora la firmeza,Aumenta la firmeza,red-light-therapy,0.7368
Reduces redness,Reduce las rojeces,Reduce la rojez,red-light-therapy,0.6313
"The world's first full-spectrum red light therapy with NIR. Mimics the sun’s natural healing wavelengths, delivering broad and narrow light while filtering out UV and blue.","El primer dispositivo del mundo de terapia con luz roja de espectro completo para el rejuvenecimiento de la piel. Aprovecha el poder reparador de la luz solar, pero sin los rayos dañinos.","La primera terapia con luz roja de espectro completo con NIR del mundo. Imita las longitudes de onda naturales de curación del sol, entregando luz amplia y estrecha mientras filtra los rayos UV y azul.",red-light-therapy,0.7237
Red light therapy face mask to reduce wrinkles and significantly improve firmness and elasticity.,La nueva generación de máscaras faciales LED de silicona flexi-fit.,Máscara de terapia roja para el rostro para reducir las arrugas y mejorar significativamente la firmeza y la elasticidad.,red-light-therapy,0.5294
Red light therapy to reduce wrinkles and significantly improve firmness and elasticity.,Disminuye las líneas de expresión y las imperfecciones con 3 luces LED.,Terapia de luz roja para reducir las arrugas y mejorar significativamente la firmeza y la elasticidad.,red-light-therapy,0.6272
A revolutionary NIR and red light therapy facial device clinically proven to reduce wrinkles in just 1 week.,Clínicamente probado para aumentar la hidratación de la piel un 126% en sólo 2 minutos.,Dispositivo de terapia con luz infrarroja cercana y roja clínicamente probado para reducir las arrugas en solo 1 semana.,red-light-therapy,0.6475
"On-the-go deep facial hydration device that leaves you with a healthy, happy & hydrated complexion.",Hidrata profundamente la piel en cualquier momento y lugar.,"Dispositivo de hidratación profunda facial en seco que te deja con una tez sana, feliz e hidratada.",red-light-therapy,0.669
Hands Down: LED Hand Masks Are Your Best Anti-Aging Move,No hay duda: las mascarillas LED son tu mejor opción antiedad,Manos a la obra: Las máscaras faciales LED son tu mejor movimiento anti-edad.,red-light-therapy,0.7274
DO RED LIGHT MASKS ACTUALLY WORK?,¿FUNCIONAN REALMENTE LAS MÁSCARAS LED DE LUZ ROJA?,¿Las máscaras de luz roja realmente funcionan?,red-light-therapy,0.6643
DOES IT HELP WITH WRINKLES?,¿AYUDAN A COMBATIR LAS ARRUGAS?,¿AYUDA CON LAS ARRIECIDADES?,red-light-therapy,0.614
HOW OFTEN SHOULD YOU DO RED LIGHT THERAPY?,¿CON QUÉ FRECUENCIA DEBO UTILIZAR LA TERAPIA DE LUZ ROJA?,¿Con qué frecuencia debería hacerse terapia roja?,red-light-therapy,0.6348
DOES IT HURT TO USE?,¿ES UNA TERAPIA DOLOROSA?,¿Le duele usarlo?,red-light-therapy,0.5692
DOES RED LIGHT THERAPY TIGHTEN SKIN?,¿LA TERAPIA DE LUZ ROJA TENSA LA PIEL?,¿La terapia con luz roja tensa la piel?,red-light-therapy,0.7086
IS RED LIGHT THERAPY SAFE DURING PREGNANCY?,¿ES SEGURA LA TERAPIA DE LUZ ROJA DURANTE EL EMBARAZO?,¿Es seguro el tratamiento con luz roja durante el embarazo?,red-light-therapy,0.668
HOW DEEP DOES RED LIGHT THERAPY PENETRATE?,¿A QUÉ PROFUNDIDAD PENETRA LA TERAPIA DE LUZ ROJA?,¿CUÁN PROFUNDO PENETRA LA Terapia con Luz Roja?,red-light-therapy,0.7945
WHAT IS THE LED FREQUENCY WAVELENGTH OF THE RED LIGHT THERAPY?,¿CUÁL ES LA LONGITUD DE ONDA DE LA FRECUENCIA LED EN LA TERAPIA DE LUZ ROJA?,¿Cuál es la frecuencia de longitud de onda del LED de la terapia de luz roja?,red-light-therapy,0.6411
Everything your face desires,Todo lo que tu rostro y cuerpo desean,Todo lo que deseas de tu rostro.,shop_skincare,0.6474
"Experience remarkable transformations with FOREO's pro-level skincare essentials. Effortlessly eliminate the day's impurities and makeup residue, revealing a refreshed, revitalized, and irresistibly soft complexion. Take your skincare routine to unparalleled heights by embracing FOREO's range of deeply moisturizing cleansers, hydration-boosting masks, youth-preserving serums, and much more.","El cuidado facial depende de la calidad de tus dispositivos y productos cosméticos. Para lucir y sentirte mejor, escoge productos que mejoran tu bienestar y tu cuidado personal. Elige dispositivos, mascarillas, sérums y cualquier producto para la piel de nivel profesional para que puedas lucir un aspecto inmejorable.","Experimenta transformaciones notables con FOREO's esenciales de cuidado de la piel de nivel profesional. Elimina sin esfuerzo las impurezas y restos de maquillaje del día, revelando una tez renovada, revitalizada e irresistiblemente suave. Lleva tu rutina de cuidado de la piel a cotas inigualables adoptando la gama de limpiadores hidratantes en profundidad, mascarillas de aumento de la hidratación, serums que preservan la juventud y mucho más.",shop_skincare,0.6435
KIWI™ Pore Minimizing Toner Pads,KIWI™ Discos tonificantes y reductores de poros,KIWI™ Pads para Minimizar Pores,shop_skincare,0.6779
LUNA™ Ultra-Nourishing Cleansing Balm,LUNA™ Ultra-Nourishing Cleansing Balm,LUNA™ Purificante en Bálsamo Ultra-Nutritivo,shop_skincare,0.7853
"Microcurrent facelift device that tightens and firms, providing a reverse-aging effect.","Tonificación facial de microcorrientes, con efecto antinvejecimiento.","Dispositivo de rejuvenecimiento facial por microcorriente que tensa y firme, proporcionando un efecto anti-edad.",special-offers,0.7705
5-in-1 spa device for deep hydration & better absorption of active ingredients.,Dispositivo spa de cuidado facial doméstico.,Dispositivo spa 5 en 1 para hidratación profunda y mejor absorción de los ingredientes activos.,special-offers,0.6636
Compact facial spa device that unlocks the full value of masks.,Dispositivo spa facial para un tratamiento rápido.,Dispositivo facial spa compacto que desbloquea el valor total de las mascarillas.,special-offers,0.6248
Tiny but mighty facial cleansing brush for skincare on the go.,Cepillo de limpieza facial pequeño pero potente.,Cepillo facial de limpieza pequeño pero potente para el cuidado de la piel en movimiento.,special-offers,0.7943
ISSA™ mini Sensitive Brush Head,Cabezal de cepillado ISSA™ mini Sensitive,ISSA™ mini Cepillo de Cabeza Sensible,special-offers,0.691
