english,spanish,gemma3:4b,endpoint,score
"Life is beautiful. But, with FOREO, it can also be extraordinary. Pamper yourself like never before with best-selling FOREO skincare and oral care devices, and indulge in moments of relaxation, rejuvenation and self-discovery. Over 20 million happy skincare lovers worldwide.","La vida es bella, pero con FOREO puede ser extraordinaria. Mima tu piel como nunca antes con los dispositivos más vendidos para el cuidado bucal y el cuidado de la piel de FOREO, y disfruta de unos relajantes momentos de rejuvenecimiento y descubrimiento personal. Únete a los más de 20 millones de amantes del cuidado de la piel en todo el mundo.","La vida es hermosa. Pero, con FOREO, también puede ser extraordinaria. Exquisitos cuidados para tu piel y tu boca, y disfruta de momentos de relajación, rejuvenecimiento y autodescubrimiento. Más de 20 millones de amantes de los cuidados para la piel felices en todo el mundo.",bestsellers,0.7532
Highest price,Precio descendente,Mayor precio,bestsellers,0.6151
Red light therapy face mask to reduce wrinkles and significantly improve firmness and elasticity.,La nueva generación de máscaras faciales LED de silicona flexi-fit.,Máscara de terapia roja para el rostro para reducir las arrugas y mejorar significativamente la firmeza y la elasticidad.,bestsellers,0.5294
Combination Skin,Combination Skin,Piel Mixta,bestsellers,0.7434
Like an iron for your wrinkles. Clinically proven to reduce wrinkles in just 1 week.,Clínicamente probado para reducir las arrugas en sólo 1 semana.,Como un hierro para tus arrugas. Clínicamente probado para reducir las arrugas en solo 1 semana.,bestsellers,0.6924
"Snatched skin anytime, anywhere with this travel-ready microcurrent device.",Piel deslumbrante en cualquier momento y lugar.,Piel arrebatada en cualquier momento y lugar con este dispositivo microcorriente apto para viajar.,bestsellers,0.4542
My orders,Mis pedidos,Mis órdenes,bestsellers,0.5639
GET THE CODE,CONSÍGUE EL CÓDIGO,Obtén el código,bestsellers,0.5138
Popular Special offers Bestsellers Red light therapy,Popular Sorpresas especiales Superventas Terapia de luz roja,"Ofertas especiales populares, artículos más vendidos, terapia roja de luz",bestsellers,0.6965
Bestsellers,Superventas,Bestsellers,bestsellers,0.7565
Red light therapy,Terapia de luz roja,Fototerapia roja,bestsellers,0.7781
"Swedish beauty routine Facial cleansing LUNA™ 4 Anti-aging massage LUNA™ 4 plus Anti-aging massage, LED heating LUNA™ 4 MEN For men, anti-aging massage LUNA™ 4 mini For young skin, T-zone LUNA™ 4 go For travel or gym bag LUNA™ skincare Premium cleansers & balm LUNA™ devices All facial cleansing devices Facelift BEAR™ 2 Microcurrent toning device BEAR™ 2 go Microcurrent toning on-the-go BEAR™ 2 eyes & lips Microcurrent line smoothing device Facelift skincare Premium anti-aging skincare BEAR™ devices All premium facelift devices Hydration UFO™ 3 Deep facial hydration device UFO™ 3 LED Near-infrared and red light therapy device UFO™ 3 mini Red light therapy device for young skin UFO™ 3 go Portable red light therapy Masks Rejuvenation & hydration UFO™ devices All deep facial hydration devices Oral care issa™ 4 Hybrid silicone sonic toothbrush issa™ 4 plus Smart hybrid silicone sonic toothbrush issa™ 4 smile Hybrid silicone sonic toothbrush issa™ 4 baby For ages 0-3 ISSA™ devices All silicone sonic toothbrushes","RUTINA SUECAS DE BELLEZA Limpieza facial LUNA™ 4 Masaje antiedad LUNA™ 4 Plus Masaje antiedad y calor LED LUNA™ 4 Men Masaje antiedad para hombres LUNA™ 4 mini Zona-T, para piel joven LUNA™ 4 go Para llevar siempre contigo Cuidado de la piel LUNA™ Limpiadores y bálsamos faciales premium Dispositivos LUNA™ Todos los dispositivos de limpieza facial Lifting facial BEAR™ 2 Tonificador facial de microcorrientes BEAR™ 2 go Tonificación con microcorrientes sobre la marcha BEAR™ 2 eyes & lips Dispositivo rejuvenecedor de microcorrientes Lifting facial Cuidado de la piel antiedad Dispositivos BEAR™ Todos los dispositivos de lifting facial premium Hidratación UFO™ 3 Dispositivo de hidratación facial profunda UFO™ 3 LED Dispositivo LED para una hidratación facial profunda UFO™ 3 mini Hidratación facial profunda para piel joven UFO™ 3 go Hidratación facial profunda sobre la marcha Mascarillas Rejuvenecimiento e hidratación Dispositivos UFO™ Todos los dispositivos de hidratación facial profunda Cuidado bucal issa™ 4 Cepillo de dientes sónico híbrido de silicona issa™ 4 plus Cepillo de dientes sónico híbrido de silicona inteligente issa™ 4 smile Cepillo de dientes sónico híbrido de silicona issa™ 4 baby Para niños de 0 a 3 años Dispositivos ISSA™ Todos los cepillos de dientes sónicos de silicona","Rutina de belleza facial Limpiador facial LUNA™ 4 Masaje anti-edad LUNA™ 4 plus Masaje anti-edad, calefacción LED LUNA™ 4 MEN Para hombres, masaje anti-edad LUNA™ 4 mini Para piel joven, zona T LUNA™ 4 go Para viajar o bolso de gimnasio Cuidado facial LUNA™ Skincare Limpiadores premium y bálsamo Dispositivos LUNA™ Todos los dispositivos de limpieza",bestsellers,0.642
Facelift BEAR™ 2 Microcurrent toning device BEAR™ 2 go Microcurrent toning on-the-go BEAR™ 2 eyes & lips Microcurrent line smoothing device Facelift skincare Premium anti-aging skincare BEAR™ devices All premium facelift devices,Lifting facial BEAR™ 2 Tonificador facial de microcorrientes BEAR™ 2 go Tonificación con microcorrientes sobre la marcha BEAR™ 2 eyes & lips Dispositivo rejuvenecedor de microcorrientes Lifting facial Cuidado de la piel antiedad Dispositivos BEAR™ Todos los dispositivos de lifting facial premium,Facelift BEAR™ 2 Microcurrent toning device BEAR™ 2 go Microcurrent toning on-the-go BEAR™ 2 eyes & lips Microcurrent line smoothing device Facelift skincare Premium anti-aging skincare BEAR™ devices Todos los dispositivos Facelift premium,bestsellers,0.6592
BEAR™ 2 go Microcurrent toning on-the-go,BEAR™ 2 go Tonificación con microcorrientes sobre la marcha,BEAR™ 2 go Microcurrent toning on-the-go,bestsellers,0.6429
Facelift skincare Premium anti-aging skincare,Lifting facial Cuidado de la piel antiedad,Facelift skincare Premium anti-aging skincare,bestsellers,0.7857
Hydration UFO™ 3 Deep facial hydration device UFO™ 3 LED Near-infrared and red light therapy device UFO™ 3 mini Red light therapy device for young skin UFO™ 3 go Portable red light therapy Masks Rejuvenation & hydration UFO™ devices All deep facial hydration devices,Hidratación UFO™ 3 Dispositivo de hidratación facial profunda UFO™ 3 LED Dispositivo LED para una hidratación facial profunda UFO™ 3 mini Hidratación facial profunda para piel joven UFO™ 3 go Hidratación facial profunda sobre la marcha Mascarillas Rejuvenecimiento e hidratación Dispositivos UFO™ Todos los dispositivos de hidratación facial profunda,Hidratación UFO™ 3 Dispositivo facial de hidratación profunda UFO™ 3 LED Dispositivo de terapia con luz infrarroja y roja UFO™ 3 Mini dispositivo de terapia con luz roja para piel joven UFO™ 3 go Máscaras de terapia con luz roja portátiles Rejuvenecimiento e hidratación dispositivos UFO™,bestsellers,0.7424
UFO™ 3 LED Near-infrared and red light therapy device,UFO™ 3 LED Dispositivo LED para una hidratación facial profunda,UFO™ 3 dispositivo de terapia de luz infrarroja cercana y roja.,bestsellers,0.5876
UFO™ 3 mini Red light therapy device for young skin,UFO™ 3 mini Hidratación facial profunda para piel joven,UFO™ 3 mini dispositivo de terapia de luz roja para piel joven,bestsellers,0.7877
UFO™ 3 go Portable red light therapy,UFO™ 3 go Hidratación facial profunda sobre la marcha,UFO™ 3 go Portable luz roja terapia,bestsellers,0.5791
Oral care issa™ 4 Hybrid silicone sonic toothbrush issa™ 4 plus Smart hybrid silicone sonic toothbrush issa™ 4 smile Hybrid silicone sonic toothbrush issa™ 4 baby For ages 0-3 ISSA™ devices All silicone sonic toothbrushes,Cuidado bucal issa™ 4 Cepillo de dientes sónico híbrido de silicona issa™ 4 plus Cepillo de dientes sónico híbrido de silicona inteligente issa™ 4 smile Cepillo de dientes sónico híbrido de silicona issa™ 4 baby Para niños de 0 a 3 años Dispositivos ISSA™ Todos los cepillos de dientes sónicos de silicona,Cuidado bucal issa™ 4 cepillo sonic de silicona híbrida issa™ 4 plus cepillo sonic de silicona híbrida issa™ 4 sonrisa Cepillos sonic de silicona híbrida issa™ 4 bebé Para edades de 0-3 dispositivos ISSA™ Todas las brochas sonic de silicona,bestsellers,0.6269
issa™ 4 Hybrid silicone sonic toothbrush,issa™ 4 Cepillo de dientes sónico híbrido de silicona,issa™ 4 Hybrid silicone sonic toothbrush,bestsellers,0.6244
issa™ 4 plus Smart hybrid silicone sonic toothbrush,issa™ 4 plus Cepillo de dientes sónico híbrido de silicona inteligente,issa™ 4 plus Smart híbrido de silicona cepillo de dientes sonic,bestsellers,0.7595
issa™ 4 smile Hybrid silicone sonic toothbrush,issa™ 4 smile Cepillo de dientes sónico híbrido de silicona,issa™ 4 smile Hybrid silicone sonic toothbrush,bestsellers,0.6703
ISSA™ devices All silicone sonic toothbrushes,Dispositivos ISSA™ Todos los cepillos de dientes sónicos de silicona,ISSATM dispositivos Cepillos de dientes sónicos de silicona™,bestsellers,0.7807
FAQ™ anti-aging treatments Anti-aging FAQ™ 101 Clinical anti-aging FAQ™ 102 Advanced clinical anti-aging FAQ™ 103 Luxurious clinical anti-aging set FAQ™ P1 Primer Manuka honey primer FAQ™ skincare All FAQ™ skincare FAQ™ products All anti-aging treatments LED treatments NEW FAQ™ Dual LED Panel For anti-aging & blemishes FAQ™ LED Panel For anti-aging & blemishes FAQ™ 201 Anti-aging LED mask FAQ™ 202 Advanced anti-aging LED mask FAQ™ 211 Anti-aging neck & décolleté LED mask FAQ™ 221 Anti-aging LED hand mask FAQ™ skincare All FAQ™ skincare FAQ™ products All LED treatments Hair regrowth FAQ™ 301 LED hair strengthening scalp massager FAQ™ Scalp Serum Scalp recovery probiotic serum FAQ™ skincare All FAQ™ skincare FAQ™ products All hair treatments Face & body toning NEW FAQ™ 401 Dual microcurrent LED FAQ™ 402 Dual microcurrent NIR + red LED FAQ™ 411 Body microcurrent red LED FAQ™ Body Sculpt Serum Conductive body serum FAQ™ skincare All FAQ™ skincare FAQ™ products All toning treatments Skin rejuvenation NEW FAQ™ 501 Full-Spectrum Red Light Therapy FAQ™ 502 Full-Spectrum Red Light Therapy FAQ™ Red Light Serum FAQ™ skincare All FAQ™ skincare FAQ™ products All toning treatments,Tratamiento antiedad FAQ™ Antiedad FAQ™ 101 Antiedad de nivel clínico FAQ™ 102 Antiedad avanzada de nivel clínico FAQ™ 103 Exclusivo set antiedad de nivel clínico FAQ™ P1 Primer Base de miel de manuka FAQ™ Cuidado de la piel FAQ™ cuidado de la piel FAQ™ productos Tratamientos antiedad Tratamientos LED NUEVO FAQ™ Dual LED Panel Tratamiento anti-edad y anti-imperfecciones FAQ™ LED Panel Tratamiento anti-edad y anti-imperfecciones FAQ™ 201 Mascarilla LED antiedad FAQ™ 202 Mascarilla LED antiedad avanzada FAQ™ 211 Anti-aging neck & décolleté LED mask FAQ™ 221 Anti-aging LED hand mask FAQ™ Cuidado de la piel FAQ™ cuidado de la piel FAQ™ productos Tratamientos LED Crecimiento del cabello FAQ™ 301 Masajeador para fortalecer el cabello FAQ™ Scalp Serum Sérum para cabello y cuero cabelludo FAQ™ Cuidado de la piel FAQ™ cuidado de la piel FAQ™ productos Todos los tratamientos capilares Tonificación LED NUEVO FAQ™ 401 Microcorrientes duales LED FAQ™ 402 Microcorrientes duales + NIR y LED rojo FAQ™ 411 Microcorrientes para cuerpo + LED rojo FAQ™ Body Sculpt Serum Sérum conductor para cuerpo FAQ™ Cuidado de la piel Todo cuidado de la piel FAQ™ FAQ™ productos Todos los tratamientos tonificantes Rejuvenecimiento cutáneo NUEVO FAQ™ 501 Terapia de luz roja de espectro completo FAQ™ 502 Terapia de Luz Roja de Espectro Completo FAQ™ Red Light Serum FAQ™ skincare All FAQ™ skincare FAQ™ products All toning treatments,Preguntas frecuentes™ tratamientos anti-edad Anti-edad Preguntas frecuentes™ 101 Tratamiento anti-edad clínico Preguntas frecuentes™ 101 Tratamiento anti-edad clínico avanzado Preguntas frecuentes™ 102 Tratamiento anti-edad clínico avanzado Preguntas frecuentes™ 103 Juego de tratamiento anti-edad clínico de lujo Preguntas frecuentes™ P1 Primer de miel de Manuka Preguntas frecuentes™ cuidado de la piel Todas las preguntas frecuentes™ productos de,bestsellers,0.4945
Anti-aging FAQ™ 101 Clinical anti-aging FAQ™ 102 Advanced clinical anti-aging FAQ™ 103 Luxurious clinical anti-aging set FAQ™ P1 Primer Manuka honey primer FAQ™ skincare All FAQ™ skincare FAQ™ products All anti-aging treatments,Antiedad FAQ™ 101 Antiedad de nivel clínico FAQ™ 102 Antiedad avanzada de nivel clínico FAQ™ 103 Exclusivo set antiedad de nivel clínico FAQ™ P1 Primer Base de miel de manuka FAQ™ Cuidado de la piel FAQ™ cuidado de la piel FAQ™ productos Tratamientos antiedad,Anti-edad Preguntas Frecuentes™ 101 Preguntas Frecuentes™ de anti-edad 102 Preguntas Frecuentes™ avanzadas de anti-edad 103 Juego de anti-edad de lujo Preguntas Frecuentes™ del primer de miel de Manuka skincare Preguntas Frecuentes™ de skincare productos Todos los tratamientos anti-edad,bestsellers,0.5587
FAQ™ 101 Clinical anti-aging,FAQ™ 101 Antiedad de nivel clínico,Preguntas frecuentes™ 101 anti-edad clínica,bestsellers,0.6983
FAQ™ 102 Advanced clinical anti-aging,FAQ™ 102 Antiedad avanzada de nivel clínico,Preguntas Frecuentes™ 102 Anti-envejecimiento clínico avanzado,bestsellers,0.6096
FAQ™ 103 Luxurious clinical anti-aging set,FAQ™ 103 Exclusivo set antiedad de nivel clínico,Preguntas frecuentes™ 103 Juego clínico antiedad lujoso,bestsellers,0.7114
FAQ™ P1 Primer Manuka honey primer,FAQ™ P1 Primer Base de miel de manuka,Preguntas Frecuentes™ P1 Primer Manuka miel,bestsellers,0.7206
FAQ™ skincare All FAQ™ skincare,FAQ™ Cuidado de la piel FAQ™ cuidado de la piel,Preguntas frecuentes™ cuidado de la piel,bestsellers,0.7915
LED treatments NEW FAQ™ Dual LED Panel For anti-aging & blemishes FAQ™ LED Panel For anti-aging & blemishes FAQ™ 201 Anti-aging LED mask FAQ™ 202 Advanced anti-aging LED mask FAQ™ 211 Anti-aging neck & décolleté LED mask FAQ™ 221 Anti-aging LED hand mask FAQ™ skincare All FAQ™ skincare FAQ™ products All LED treatments,Tratamientos LED NUEVO FAQ™ Dual LED Panel Tratamiento anti-edad y anti-imperfecciones FAQ™ LED Panel Tratamiento anti-edad y anti-imperfecciones FAQ™ 201 Mascarilla LED antiedad FAQ™ 202 Mascarilla LED antiedad avanzada FAQ™ 211 Anti-aging neck & décolleté LED mask FAQ™ 221 Anti-aging LED hand mask FAQ™ Cuidado de la piel FAQ™ cuidado de la piel FAQ™ productos Tratamientos LED,LED tratamientos NUEVA sección de preguntas frecuentes™ Panel LED Dual Para el anti-edad y las imperfecciones sección de preguntas frecuentes™ Panel LED Para el anti-edad y las imperfecciones sección de preguntas frecuentes™ Máscara LED anti-edad 201 sección de preguntas frecuentes™ Máscara LED anti-edad avanzada 202 sección de preguntas frecuentes™ Máscara LED anti-edad cuello y décolleté 211 sección de preguntas frecuentes™,bestsellers,0.6586
FAQ™ Dual LED Panel For anti-aging & blemishes,FAQ™ Dual LED Panel Tratamiento anti-edad y anti-imperfecciones,Preguntas frecuentes™ Panel LED Dual Para el anti-edad y manchas,bestsellers,0.684
FAQ™ LED Panel For anti-aging & blemishes,FAQ™ LED Panel Tratamiento anti-edad y anti-imperfecciones,Preguntas frecuentes™ Panel LED Para el anti-edad y manchas,bestsellers,0.6557
FAQ™ 201 Anti-aging LED mask,FAQ™ 201 Mascarilla LED antiedad,Preguntas Frecuentes™ Máscara LED Anti-edad 201,bestsellers,0.7931
FAQ™ 211 Anti-aging neck & décolleté LED mask,FAQ™ 211 Anti-aging neck & décolleté LED mask,Preguntas Frecuentes™ Máscara LED anti-edad cuello y décolleté,bestsellers,0.6865
FAQ™ 221 Anti-aging LED hand mask,FAQ™ 221 Anti-aging LED hand mask,Preguntas Frecuentes™ 221 Máscara LED anti-edad para manos,bestsellers,0.745
FAQ™ products All LED treatments,FAQ™ productos Tratamientos LED,Preguntas frecuentes™ Productos Todos los tratamientos LED,bestsellers,0.7951
Hair regrowth FAQ™ 301 LED hair strengthening scalp massager FAQ™ Scalp Serum Scalp recovery probiotic serum FAQ™ skincare All FAQ™ skincare FAQ™ products All hair treatments,Crecimiento del cabello FAQ™ 301 Masajeador para fortalecer el cabello FAQ™ Scalp Serum Sérum para cabello y cuero cabelludo FAQ™ Cuidado de la piel FAQ™ cuidado de la piel FAQ™ productos Todos los tratamientos capilares,Preguntas frecuentes sobre el crecimiento del cabello™ Preguntas frecuentes sobre masajeador capilar de 301 LED para fortalecer el cabello™ Preguntas frecuentes sobre serum capilar™ Preguntas frecuentes sobre serum de recuperación capilar probiótico™ Preguntas frecuentes sobre cuidado de la piel™ Preguntas frecuentes sobre cuidado de la piel™ productos Todos los tratamientos capilares,bestsellers,0.5741
FAQ™ 301 LED hair strengthening scalp massager,FAQ™ 301 Masajeador para fortalecer el cabello,Preguntas Frecuentes™ Masajeador para el Cuero Cabelludo de 301 LED fortalecedor de cabello,bestsellers,0.6043
FAQ™ Scalp Serum Scalp recovery probiotic serum,FAQ™ Scalp Serum Sérum para cabello y cuero cabelludo,Preguntas Frecuentes™ Serum Scalp Scalp recovery probiotic serum,bestsellers,0.4435
Face & body toning NEW FAQ™ 401 Dual microcurrent LED FAQ™ 402 Dual microcurrent NIR + red LED FAQ™ 411 Body microcurrent red LED FAQ™ Body Sculpt Serum Conductive body serum FAQ™ skincare All FAQ™ skincare FAQ™ products All toning treatments,Tonificación LED NUEVO FAQ™ 401 Microcorrientes duales LED FAQ™ 402 Microcorrientes duales + NIR y LED rojo FAQ™ 411 Microcorrientes para cuerpo + LED rojo FAQ™ Body Sculpt Serum Sérum conductor para cuerpo FAQ™ Cuidado de la piel Todo cuidado de la piel FAQ™ FAQ™ productos Todos los tratamientos tonificantes,Face & body toning NUEVA Preguntas Frecuentes™ 401 Dual microcorriente LED Preguntas Frecuentes™ 402 Dual microcorriente NIR + LED rojo Preguntas Frecuentes™ 411 Serum microcorriente rojo LED Serums Body Sculpt Conductivo serum facial Todas Preguntas Frecuentes™ Todas preguntas faciales Productos Todas tratamientos tonificación,bestsellers,0.6463
FAQ™ 401 Dual microcurrent LED,FAQ™ 401 Microcorrientes duales LED,Preguntas Frecuentes™ 401 Microcorriente LED Dual,bestsellers,0.761
FAQ™ 402 Dual microcurrent NIR + red LED,FAQ™ 402 Microcorrientes duales + NIR y LED rojo,Preguntas Frecuentes™ 402 Microcorriente Dual NIR + LED Rojo,bestsellers,0.7588
FAQ™ 411 Body microcurrent red LED,FAQ™ 411 Microcorrientes para cuerpo + LED rojo,Preguntas frecuentes™ 411 Cuerpo microcorriente LED rojo,bestsellers,0.7333
FAQ™ Body Sculpt Serum Conductive body serum,FAQ™ Body Sculpt Serum Sérum conductor para cuerpo,Preguntas frecuentes Serum Body Sculpt Conductivo serum,bestsellers,0.6043
FAQ™ skincare All FAQ™ skincare,FAQ™ Cuidado de la piel Todo cuidado de la piel FAQ™,Preguntas frecuentes™ cuidado de la piel,bestsellers,0.7927
FAQ™ products All toning treatments,FAQ™ productos Todos los tratamientos tonificantes,Preguntas frecuentes™ Productos Todos los tratamientos de tinte,bestsellers,0.7154
Skin rejuvenation NEW FAQ™ 501 Full-Spectrum Red Light Therapy FAQ™ 502 Full-Spectrum Red Light Therapy FAQ™ Red Light Serum FAQ™ skincare All FAQ™ skincare FAQ™ products All toning treatments,Rejuvenecimiento cutáneo NUEVO FAQ™ 501 Terapia de luz roja de espectro completo FAQ™ 502 Terapia de Luz Roja de Espectro Completo FAQ™ Red Light Serum FAQ™ skincare All FAQ™ skincare FAQ™ products All toning treatments,Skin rejuvenation NUEVA Preguntas Frecuentes™ 501 Terapia con Luz Roja de Espectro Completo FAQ™ 502 Terapia con Luz Roja de Espectro Completo FAQ™ Serum de Luz Roja skincare Todas las Preguntas Frecuentes™ skincare FAQ™ productos Todos los tratamientos de tonificación,bestsellers,0.7318
FAQ™ 501 Full-Spectrum Red Light Therapy,FAQ™ 501 Terapia de luz roja de espectro completo,Preguntas Frecuentes™ Terapia de Luz Roja Espectro Completo 501,bestsellers,0.7899
FAQ™ Red Light Serum,FAQ™ Red Light Serum,Preguntas Frecuentes™ Serum Rojo,bestsellers,0.5594
FAQ™ skincare All FAQ™ skincare,FAQ™ skincare All FAQ™ skincare,Preguntas frecuentes™ cuidado de la piel,bestsellers,0.6529
FAQ™ products All toning treatments,FAQ™ products All toning treatments,Preguntas frecuentes™ Productos Todos los tratamientos de tonificación,bestsellers,0.6901
Specialized treatments Hair removal NEW PEACH™ 2 Pro Max Professional IPL hair removal device PEACH™ 2 IPL hair removal PEACH™ 2 go Travel-friendly IPL hair removal PEACH™ Cooling Prep Gel Cooling IPL hair removal gel Body care BEAR™ 2 body Microcurrent body toning LUNA™ 4 body Massaging body brush SUPERCHARGED™ serum Firming body serum Acne ESPADA™ 2 plus Recurring acne LED therapy ESPADA™ 2 Acne treatment device ESPADA™ Blemish Solution Concentrated acne gel ESPADA™ devices All acne treatment devices Eye care BEAR™ 2 eyes & lips Microcurrent line smoothing device IRIS™ 2 Rejuvenating eye massager Eye skincare Advanced eye care treatment Eye care devices All revitalizing eye massagers Pore care KIWI™ derma Diamond microdermabrasion KIWI™ Blackhead remover KIWI™ skincare Advanced pore care essentials Hair care LUNA™ 4 hair 2-in-1 LED scalp massager LUNA™ Dual-Peptide Scalp Serum For healthy hair,TRATAMIENTOS ESPECIALIZADOS Depilación NUEVO PEACH™ 2 Pro Max Depilación IPL de nivel profesional PEACH™ 2 Depilación IPL Luz Pulsada Intensa PEACH™ 2 go Depilación IPL de tamaño compacto PEACH™ Cooling Prep Gel Gel depilatorio IPL refrescante Cuidado corporal BEAR™ 2 body Microcurrent body toning LUNA™ 4 body Cepillo de masaje corporal SUPERCHARGED™ sérum Sérum corporal reafirmante Tratamiento contra el acné ESPADA™ 2 plus Terapia LED para eliminar el acné recurrente ESPADA™ 2 Dispositivo para el tratamiento del acné ESPADA™ Blemish Solution Gel concentrado antiacné Dispositivos ESPADA™ Todos los dispositivos para el tratamiento del acné Cuidado de tus ojos BEAR™ 2 eyes & lips Dispositivo rejuvenecedor de microcorrientes IRIS™ 2 Masajeador de ojos rejuvenecedor Cuidado para los ojos Tratamiento para el cuidado de los ojos Dispositivos para los ojos Todos los masajeadores de ojos revitalizantes Cuidado de los poros KIWI™ derma Microdermoabrasión con diamantes KIWI™ Aspirador de poros Cuidado de la piel KIWI™ Esenciales para el cuidado avanzado de los poros Cuidado del cabello LUNA™ 4 hair Masajeador LED de cuero cabelludo LUNA™ Dual-Peptide Scalp Serum Para un cabello saludable,Tratamientos especializados Depilación PEACH™ 2 Pro Max Profesional dispositivo de depilación IPL PEACH™ 2 IPL PEACH™ 2 go Depilación IPL de viaje PEACH™ Gel de preparación de enfriamiento PEACH™ Depilación IPL con enfriamiento Cuidado del cuerpo BEAR™ 2 cuerpo Tonificador de microcorriente BEAR™ 2 ojos y labios Dispositivo de alisado de línea de microcorriente IRIS™ 2 Masajeador de ojos rejuvenec,bestsellers,0.6028
Hair removal NEW PEACH™ 2 Pro Max Professional IPL hair removal device PEACH™ 2 IPL hair removal PEACH™ 2 go Travel-friendly IPL hair removal PEACH™ Cooling Prep Gel Cooling IPL hair removal gel,Depilación NUEVO PEACH™ 2 Pro Max Depilación IPL de nivel profesional PEACH™ 2 Depilación IPL Luz Pulsada Intensa PEACH™ 2 go Depilación IPL de tamaño compacto PEACH™ Cooling Prep Gel Gel depilatorio IPL refrescante,Eliminación de vello NUEVO PEACH™ 2 Pro Max Dispositivo profesional de depilación IPL PEACH™ 2 IPL Eliminación de vello PEACH™ 2 ir Gel de preparación PEACH™ de enfriamiento Gel de depilación IPL de enfriamiento,bestsellers,0.6556
PEACH™ 2 IPL hair removal,PEACH™ 2 Depilación IPL Luz Pulsada Intensa,PEACH™ 2 IPL depilación para el cabello,bestsellers,0.7741
PEACH™ 2 go Travel-friendly IPL hair removal,PEACH™ 2 go Depilación IPL de tamaño compacto,PEACH™ 2 go Travel-friendly IPL hair removal,bestsellers,0.7358
PEACH™ Cooling Prep Gel Cooling IPL hair removal gel,PEACH™ Cooling Prep Gel Gel depilatorio IPL refrescante,PEACH™ Gel de Preparación para Frío para Depilación IPL,bestsellers,0.7297
Body care BEAR™ 2 body Microcurrent body toning LUNA™ 4 body Massaging body brush SUPERCHARGED™ serum Firming body serum,Cuidado corporal BEAR™ 2 body Microcurrent body toning LUNA™ 4 body Cepillo de masaje corporal SUPERCHARGED™ sérum Sérum corporal reafirmante,Cuidado corporal BEAR™ 2 cuerpo Tonificación corporal con microcorriente Cepillo masajeador corporal para el cuerpo SERUM SUPERCHARGED™ Sérum reafirmante para el cuerpo LUNA™ 4,bestsellers,0.7959
BEAR™ 2 body Microcurrent body toning,BEAR™ 2 body Microcurrent body toning,BEAR™ 2 cuerpo Microcorriente tonificación corporal,bestsellers,0.7852
SUPERCHARGED™ serum Firming body serum,SUPERCHARGED™ sérum Sérum corporal reafirmante,SUPERCHARGED™ serum Serum firmeador del cuerpo,bestsellers,0.6739
Eye care BEAR™ 2 eyes & lips Microcurrent line smoothing device IRIS™ 2 Rejuvenating eye massager Eye skincare Advanced eye care treatment Eye care devices All revitalizing eye massagers,Cuidado de tus ojos BEAR™ 2 eyes & lips Dispositivo rejuvenecedor de microcorrientes IRIS™ 2 Masajeador de ojos rejuvenecedor Cuidado para los ojos Tratamiento para el cuidado de los ojos Dispositivos para los ojos Todos los masajeadores de ojos revitalizantes,Cuidado ocular BEAR™ 2 Dispositivo de tratamiento para suavizar ojos y labios Masajeador rejuvenecedor IRIS™ 2 Masajeador de ojos avanzado Cuidado ocular Cuidado ocular dispositivos Todos los masajeadores revitalizantes para los ojos,bestsellers,0.7685
Eye skincare Advanced eye care treatment,Cuidado para los ojos Tratamiento para el cuidado de los ojos,Cuidado Ocular Avanzado para los Ojos,bestsellers,0.6879
Pore care KIWI™ derma Diamond microdermabrasion KIWI™ Blackhead remover KIWI™ skincare Advanced pore care essentials,Cuidado de los poros KIWI™ derma Microdermoabrasión con diamantes KIWI™ Aspirador de poros Cuidado de la piel KIWI™ Esenciales para el cuidado avanzado de los poros,Pore care KIWI™ derma Diamond microdermoabrasión KIWI™ Blackhead remover KIWI™ skincare Essentials,bestsellers,0.5617
KIWI™ Blackhead remover,KIWI™ Aspirador de poros,KIWI™ Removedor de comedones negros,bestsellers,0.6409
Hair care LUNA™ 4 hair 2-in-1 LED scalp massager LUNA™ Dual-Peptide Scalp Serum For healthy hair,Cuidado del cabello LUNA™ 4 hair Masajeador LED de cuero cabelludo LUNA™ Dual-Peptide Scalp Serum Para un cabello saludable,Cuidado capilar LUNA™ 4 cabello masajeador LED para el cuero cabelludo 2 en 1 LUNA™ Serum Dual-Peptide para el cuero cabelludo para un cabello sano,bestsellers,0.7644
LUNA™ 4 hair 2-in-1 LED scalp massager,LUNA™ 4 hair Masajeador LED de cuero cabelludo,LUNA™ 4 pelo masajeador de cuero cabelludo con LED 2 en 1,bestsellers,0.7971
LUNA™ Dual-Peptide Scalp Serum For healthy hair,LUNA™ Dual-Peptide Scalp Serum Para un cabello saludable,LUNA™ Serum de Peptidos Duales para el Cuero Cabelludo Para Cabello Sano,bestsellers,0.7099
More Skincare Men Shop all,MÁS Cosméticos Hombres Comprar todo,Más Cuidados para Hombre Compra Todo,bestsellers,0.5695
Skincare,Cosméticos,Cuidafacción de la piel,bestsellers,0.5907
About About The story of FOREO FOREO partnerships MYSA: Beauty & Wellbeing Journal Find your ideal FOREO device! Technologies behind Benefits Clinical Results & Expert Reviews Contact us,ACERCA DE ACERCA DE La historia de FOREO Colaboraciones de FOREO MYSA: blog de belleza y bienestar ¡Encuentra tu dispositivo FOREO ideal! Tecnologías y resultados Resultados clínicos y opiniones de expertos Contacta con nosotros,Sobre Sobre La historia de FOREO FOREO partnerships MYSA: Belleza & Wellbeing Journal Encuentra tu dispositivo FOREO ideal! Tecnologías detrás Beneficios Resultados Clínicos & Reseñas Expertas Contacta con nosotros,bestsellers,0.766
About,ACERCA DE,Sobre,bestsellers,0.6412
Technologies behind Benefits,Tecnologías y resultados,Tecnologías detrás de Beneficios,bestsellers,0.7948
Hong Kong SAR China Delivery estimate: 16/10/25,RAE de Hong Kong (China) Entrega prevista 16/10/25,Estimado de entrega: 16/10/25,bestsellers,0.7859
United Arab Emirates Delivery estimate: 16/10/25,Emiratos Árabes Unidos Entrega prevista 16/10/25,Fecha estimada de entrega: 16/10/25,bestsellers,0.7762
Uzbekistan Delivery estimate: 20/10/25,Uzbekistán Entrega prevista 20/10/25,Estimación de entrega: 20/10/25,bestsellers,0.7864
Love beauty innovation?,Consigue ofertas exclusivas,¿Te gusta la belleza la innovación?,bestsellers,0.5126
Contact us,Contáctanos,Contact us,bestsellers,0.5868
Follow us,Síguenos,Síganos,bestsellers,0.7926
Support,Ayuda,Soporte,bestsellers,0.6228
About,Sobre FOREO,Sobre,bestsellers,0.7878
AI & Affiliate News,Noticias de afiliados,AI & Affiliate News,bestsellers,0.7684
Become a partner,Asociados,Conviértete en socio,bestsellers,0.3752
Unlock the SECRET OFFERS first.,Tenemos un GRAN SECRETO que contarte.,Desbloquea las OFERTAS SECRETAS primero.,black-friday-preregistration,0.6175
Pre-order & get two FAQ™ Red Light Peptide Serums.,Reserva ahora y consigue dos FAQ™ Red Light Peptide Serums de regalo.,Pre-ordena y obtén dos sérums Red Light Peptide Serums.,faq-swiss-202,0.7728
Near infrared & red light therapy LED face mask,Una nueva generación de máscara LED.,Máscara facial LED de terapia con luz infrarroja y roja.,faq-swiss-202,0.593
"Ultra-lightweight, wireless, and made with flexi-fit silicone, FAQ™ 202 LED light therapy mask is an entirely new generation of LED mask with red light therapy. Featuring 8 different wavelengths, including near-infrared, this mask boosts collagen and tackles wrinkles, age spots, dullness, uneven tone, and texture. Walk around freely while enjoying the benefits of red light therapy.","Las máscara LED faciales de silicona FAQ™ 200 son ultraligeras, inalámbricas y se adaptan a tu rostro como una segunda piel transparente para cubrirlo de forma uniforme. La terapia LED potencia la producción de colágeno para fortalecer las diferentes capas de la piel, y estimula su proceso de curación natural. Mientras, podrás moverte libremente y seguir con tu día a día.","La máscara de terapia LED 202 LED, de última generación, ultraligera, inalámbrica y fabricada con silicona flexi-fit, es una máscara LED totalmente nueva con terapia de luz roja. Con 8 diferentes longitudes de onda, incluyendo infrarrojo cercano, esta máscara estimula el colágeno y combate las arrugas, las manchas de la edad, el opacamiento, el tono desigual y la textura. Camina libremente disfrutando de",faq-swiss-202,0.6762
FAQ™ 202 LED light therapy mask spread light evenly across your skin via 600 LED light points - ensuring the LED wavelengths evenly penetrate each millimeter of skin. 100% of users agree.,"La máscara LED FAQ™ 202 distribuye la luz uniformemente por la piel a través de 600 puntos optimizados de luz, lo que garantiza que las ondas LED penetren de forma uniforme en cada milímetro de la piel. El 100% de los usuarios están de acuerdo.",Preguntas frecuentes™ Máscara de terapia de luz LED de 202 luces distribuye la luz de manera uniforme sobre tu piel a través de 600 puntos LED - asegurando que las longitudes de onda LED penetren uniformemente cada milímetro de piel. El 100% de los usuarios están de acuerdo.,faq-swiss-202,0.7993
100% of users report FAQ™ 202 fits their face perfectly.,100% de los usuarios declaró que FAQ™ 202 se adaptó perfectamente a su rostro.,El 100% de los usuarios informa que la FAQ™ 202 le queda perfectamente en la cara.,faq-swiss-202,0.78
Get a 5 minute quick-fix or target specific skin concerns with thorough pre-set routines on the FAQ™ Swiss app.,"Disfruta de un tratamiento rápido de 5 minutos, un tratamiento calmante y reparador, o un tratamiento que combate problemas específicos de tu piel con las rutinas prediseñadas de la aplicación FAQ™ Swiss.",Obtén una solución rápida de 5 minutos o aborda problemas cutáneos específicos con rutinas preestablecidas exhaustivas en la app FAQ™ Swiss.,faq-swiss-202,0.793
"FAQ™ 202 LED light therapy mask is USB rechargeable, ultra-hygienic, non-porous, easy to clean, and quick-drying. It also comes with its own display case.","FAQ™ 202 es una máscara recargable por USB, ultrahigiénica, no porosa y fácil de limpiar y de secar. Incluye un soporte expositor.","Preguntas frecuentes™ Máscara de terapia LED de 202 LED es de carga USB, ultra-higiénica, no porosa, fácil de limpiar y de secado rápido. También incluye su propio estuche.",faq-swiss-202,0.7685
Red light therapy,Tecnología LED antiedad,Terapia de luz roja,faq-swiss-202,0.5315
Get a 5 minute quick-fix or target specific skin concerns with thorough pre-set routines on the FAQTM Swiss app.,"Disfruta de un tratamiento rápido de 5 minutos, un tratamiento calmante y reparador, o un tratamiento que combate problemas específicos de tu piel con las rutinas prediseñadas de la aplicación FAQ™ Swiss.",Obtén una solución rápida de 5 minutos o aborda problemas cutáneos específicos con rutinas preestablecidas exhaustivas en la app FAQTM Swiss.,faq-swiss-202,0.7931
"FAQTM 202 LED light therapy mask is USB rechargeable, ultra-hygienic, non-porous, easy to clean, and quick-drying. It also comes with its own display case.","FAQ™ 202 es una máscara recargable por USB, ultrahigiénica, no porosa y fácil de limpiar y de secar. Incluye un soporte expositor.","Preguntas frecuentes™ Máscara de terapia LED de 202 LED es de carga USB, ultra-higiénica, no porosa, fácil de limpiar y de secado rápido. También incluye su propio estuche.",faq-swiss-202,0.7685
Intended to stimulate the production of collagen & accelerate the repair of damaged skin cells.,"Penetra más profundamente que la luz LED roja para potenciar los beneficios. Mejora la apariencia de las arrugas, las manchas de la edad y la flacidez.",Diseñado para estimular la producción de colágeno y acelerar la reparación de células de la piel dañadas.,faq-swiss-202,0.7037
Intended to improve the appearance of wrinkles.,Favorece la producción de colágeno y elastina para combatir los signos de envejecimiento cutáneo. El resultado es una apariencia más joven.,Diseñado para mejorar la apariencia de las arrugas.,faq-swiss-202,0.6467
Intended to improve the appearance of mild to moderate inflammatory acne.,"Elimina el acné, reduce la apariencia de las imperfecciones y previene futuras erupciones cutáneas.",Diseñado para mejorar la apariencia de la acne inflamatoria leve a moderada.,faq-swiss-202,0.6823
Intended to brighten dull skin & even skin tone.,Ilumina la piel y equilibra su tono.,Diseñado para iluminar la piel apagada y un tono de piel uniforme.,faq-swiss-202,0.7885
Yellow light (580 nm),Luz LED amarilla (570 nm),Luz amarilla (580 nm),faq-swiss-202,0.7077
Intended to improve hyperpigmentation.,Reduce la apariencia de las manchas de la edad y la hiperpigmentación.,Diseñado para mejorar la hiperpigmentación.,faq-swiss-202,0.7039
"An additional 9 LED bulbs in the forehead diamond to fade stubborn frown lines, and extra LED points.","9 LEDs adicionales en el diamante de la frente para atenuar las arrugas rebeldes del ceño, más puntos LED extra.","Un LED adicional de 9 en la forma de diamante en la frente para difuminar las arrugas de expresión rebeldes, y puntos LED adicionales.",faq-swiss-202,0.7722
FAQ™ 202 Bundle,FAQ™ 202 Bundle,Preguntas Frecuentes™ 202 Bundle,faq-swiss-202,0.782
FAQ™ 202 plus Pre-order,FAQ™ 202 plus Pre-order,Preguntas Frecuentes™ 202 más Pre-orden,faq-swiss-202,0.7294
600 LED light points placed in optimal locations ensure even light coverage.,"8 longitudes de ondas LED que combaten los signos avanzados de envejecimiento, la hiperpigmentación y la piel apagada.",600 puntos de luz LED colocados en ubicaciones óptimas aseguran una cobertura uniforme de luz.,faq-swiss-202,0.554
100% of users report FAQ™ 202 fits their face perfectly.,600 puntos de luz perfectamente ubicados para garantizar una cobertura de luz uniforme.,El 100% de los usuarios informa que la FAQ™ 202 le queda perfectamente en la cara.,faq-swiss-202,0.3582
"Ultra-lightweight, wireless & open eye design with non-slip headband make it easy to move around.",El 100% de los usuarios declaró que FAQ™ 202 se adaptó perfectamente a su rostro,"Ultra-ligero, inalámbrico y diseño de ojo abierto con banda para la cabeza antideslizante facilita el movimiento.",faq-swiss-202,0.4535
Pre-set treatments for specific skin concerns are available on the FAQ™ Swiss app.,"Ultraligera, sin cables, con abertura para los ojos y cinta de cabeza antideslizante para que te puedas mover fácilmente.",Los tratamientos preestablecidos para problemas cutáneos específicos están disponibles en la app FAQ™ Swiss.,faq-swiss-202,0.4793
FAQ™ 202 Silicone LED Face Mask,Máscara LED facial de silicona FAQ™ 202,Preguntas Frecuentes™ 202 Máscara Facial LED de Silicona,faq-swiss-202,0.717
60 mL FAQ™ Silicone Cleaning Spray,Spray limpiador de silicona FAQ™ 60 ml,60 mL FAQ™ Spray Limpiador de Silicona,faq-swiss-202,0.7863
Display case,Estuche,Estantería expositora,faq-swiss-202,0.5003
"The ultimate best-buy bundle proves that a perfect pair can change a life. An Anti-Aging LED Mask with 8 wavelengths, including NIR, serves all skin needs, tackling everything from fine lines and pigmentation to blemishes and dullness. Combine the lightweight, wire-free LED mask with the FAQ™ Red Light Peptide Serum, an all-in-one antioxidant-rich serum with Peptides, Sea Daffodil, HA, Green Tea & Cica.","La aplicación FAQ™ Swiss incluye tratamientos prediseñados que tratan problemas específicos de la piel. El pack definitivo y más rentable demuestra que una pareja perfecta puede cambiar tu vida. Una máscara LED antiedad con 8 longitudes de onda, incluyendo NIR, que cubre todas las necesidades de la piel, desde líneas finas y pigmentación hasta imperfecciones y falta de luminosidad. Combina esta ligera máscara LED sin cables con el sérum FAQ™ Red Light Peptide, un sérum todo en uno rico en antioxidantes con péptidos, Narciso Marino, ácido hialurónico, té verde y cica.","El paquete estrella definitivo demuestra que una pareja perfecta puede cambiar una vida. Una Máscara LED Anti-Edad con 8 longitudes de onda, incluyendo NIR, satisface todas las necesidades de la piel, abordando desde las líneas de expresión y la pigmentación hasta las imperfecciones y el opacidad. Combina la máscara LED ligera y sin cables con el suero Red Light Peptide™ Rojo, un suero antioxidante todo en uno con Péptidos, Coral de Mar,",faq-swiss-202,0.7475
"Collagen-boosting Peptides, brightening Sea Daffodil, hydrating HA, soothing Green Tea & Cica.","Péptidos que estimulan el colágeno, Narciso Marino que ilumina, ácido hialurónico que hidrata y té verde y cica que calman.","péptidos estimuladores de colágeno, caléndula iluminadora, HA hidratante, té verde y cica calmante.",faq-swiss-202,0.7257
"The ultimate best-buy bundle proves that a perfect pair can change a life. An Anti-Aging LED Mask with 8 (NIR + 7) wavelengths and extra LEDs in the forehead diamond, serves all skin needs, tackling everything from fine lines and pigmentation to blemishes and dullness. Combine the lightweight, wire-free LED mask with the FAQ™ Red Light Peptide Serum, an all-in-one antioxidant-rich serum with Peptides, Sea Daffodil, HA, Green Tea & Cica.","El pack definitivo y más rentable demuestra que una pareja perfecta puede cambiar tu vida. Una máscara LED antiedad con 8 longitudes de onda (NIR + 7) y LEDs extra en el diamante de la frente, que cubre todas las necesidades de la piel, tratando desde líneas finas y pigmentación hasta imperfecciones y falta de luminosidad. Combina esta ligera máscara LED sin cables con el sérum FAQ™ Red Light Peptide, un sérum todo en uno rico en antioxidantes con péptidos, Narciso Marino, ácido hialurónico, té verde y cica.","El paquete estrella definitivo demuestra que una pareja perfecta puede cambiar una vida. Una Máscara LED Anti-Edad con 8 (NIR + 7) longitudes de onda y LEDs adicionales en la frente de diamante, satisface todas las necesidades de la piel, abordando desde las líneas de expresión y la pigmentación hasta las imperfecciones y el opacidad. Combina la máscara LED inalámbrica y ligera con el suero Red Light Peptide™ Facial, un suero antioxidante todo",faq-swiss-202,0.7391
FAQ™ Red Light Peptide Serum,FAQ™ Red Light Peptide Serum,Preguntas Frecuentes™ Sérum Peptídico Rojo,faq-swiss-202,0.6061
Ultra-hygienic silicone,Silicona ultra higiénica,Ultra-higiénico silicona,faq-swiss-202,0.7755
YOU MAY ALSO LIKE,TAMBIÉN TE PUEDE GUSTAR,También puede gustarle.,faq-swiss-202,0.534
FAQ™ Dual LED Panel,FAQ™ Dual LED Panel,Preguntas Frecuentes™ Panel de LED Dual,faq-swiss-202,0.686
INDEPENDENT REVIEWS BY BAZAAR VOICE,RESEÑAS INDEPENDIENTES DE BAZAAR VOICE,Reseñas independientes por BAZAAR VOICE,faq-swiss-202,0.7655
Built to go deeper. Red light evolved.,Diseñado para llegar más profundo en la piel. Luz roja evolucionada.,Construido para llegar más hondo. Luz roja evolucionada.,faq-swiss-502,0.7797
"Our bodies evolved to draw healing energy from the sun's red and near-infrared light - to fuel cellular function, support skin repair, and promote overall skin health. The problem is that the sun also exposes us to harmful UV and blue light, which can adversely cause skin aging, pigmentation, and DNA damage. So FAQ™ has engineered a revolutionary new device: a full-spectrum red light therapy device that mimics the full spectrum of the sun’s natural healing wavelengths - delivering both broad and narrow light wavelengths, while filtering out damaging UV and blue light. This isn’t just red light therapy. It’s the complete spectrum of skin rejuvenation.","Nuestros cuerpos han evolucionado para captar la energía reparadora de la luz roja y el infrarrojo cercano del sol, impulsando la función celular, favoreciendo la reparación de la piel y promoviendo su salud en general. El problema es que el sol también nos expone a radiaciones dañinas como los rayos UV y la luz azul, que pueden acelerar el envejecimiento cutáneo, causar pigmentación irregular y dañar el ADN. Por eso, FAQ™ ha desarrollado un dispositivo revolucionario: un equipo de terapia con luz roja de espectro completo que reproduce el espectro completo de las longitudes de onda naturales y reparadoras del sol, combinando luz roja de banda ancha y estrecha, y filtrando los rayos UV y la luz azul perjudiciales. Esto no es solo terapia con luz roja. Es el espectro completo del rejuvenecimiento cutáneo.","Nuestros cuerpos evolucionaron para extraer energía curativa de la luz roja y cercana al infrarrojo del sol – para alimentar la función celular, apoyar la reparación de la piel y promover la salud de la piel en general. El problema es que el sol también nos expone a la luz UV y azul dañina, que puede causar el envejecimiento de la piel, la pigmentación y el daño al ADN. Por lo tanto, FAQ™ ha diseñado un dispositivo nuevo y revolucionario: un",faq-swiss-502,0.7678
"Targets pigmentation irregularities, such as sunspots, age spots, and discoloration - promoting a more even and youthful complexion.","Actúa sobre las irregularidades de la pigmentación, como las manchas solares, las manchas de edad y las decoloraciones, promoviendo un tono de piel más uniforme y rejuvenecido.","Objetivos las irregularidades pigmentarias, como manchas solares, manchas de la edad y oscurecimiento – promoviendo una tez más uniforme y juvenil.",faq-swiss-502,0.7684
Reduces redness,Reduce el enrojecimiento,Reduce la roja,faq-swiss-502,0.4521
Full-spectrum vs. traditional red light,Luz roja de espectro completo vs. tradicional,Full-spectrum frente a la luz roja tradicional,faq-swiss-502,0.7454
"Traditional red light therapy devices have tried to replicate the benefits we get from the sun, using single LED wavelengths (e.g. 650 nm, 850 nm). And while these wavelengths have shown clinically proven results - their effects are limited. Because the sun doesn’t emit a single wavelength - it delivers a broad, rich spectrum of red light. FAQ™ 502 is the first at-home device to use both broad-spectrum and narrow wavelength light technologies. This is what allows it to optimize results across multiple skin layers, and at precise depths - just like the sun (without the harmful UV and blue light).","Los dispositivos tradicionales de terapia de luz roja han intentado replicar los beneficios que obtenemos del sol utilizando longitudes de onda LED específicas (por ejemplo, 650 nm, 850 nm). Y aunque estas longitudes de onda han demostrado eficacia clínica, sus efectos son limitados. Esto se debe a que el sol no emite una única longitud de onda, sino que ofrece un espectro amplio y completo de luz roja. El FAQ™ 502 es el primer dispositivo para uso doméstico que combina tecnologías de luz de espectro amplio y longitudes de onda estrechas.","Los dispositivos de terapia con luz roja tradicional han intentado replicar los beneficios que obtenemos del sol, utilizando longitudes de onda individuales (por ejemplo, 650 nm, 850 nm). Y aunque estas longitudes de onda han demostrado resultados clínicamente probados, sus efectos son limitados. Porque el sol no emite una sola longitud de onda, sino que proporciona un espectro amplio y rico. FAQ™ 502 es el primero en usar a domicilio",faq-swiss-502,0.7965
"Engineered to erase blemishes so you don’t have to cover them. Harnessing the power of full-spectrum red light energy, FAQ™ 502 goes beyond superficial treatments by targeting the root causes of skin damage at a cellular level. Whether you need help minimizing the appearance of fine lines & wrinkles, targeting pigmentation irregularities, or reducing texture & redness, this device visibly improves overall skin quality, and restores your complexion to its healthiest. This isn’t just red light therapy. It’s the complete spectrum of skin rejuvenation.","Engineered to erase blemishes so you don’t have to cover them. Harnessing the power of full-spectrum red light energy, FAQ™ 502 goes beyond superficial treatments by targeting the root causes of skin damage at a cellular level. Whether you need help minimizing the appearance of fine lines & wrinkles, targeting pigmentation irregularities, or reducing texture & redness, this device visibly improves overall skin quality, and restores your complexion to its healthiest. This isn’t just red light therapy. It’s the complete spectrum of skin rejuvenation.","Diseñado para borrar las imperfecciones para que no tenga que disimularlas. Aprovechando el poder de la energía roja de espectro completo, FAQ™ 502 va más allá de los tratamientos superficiales al atacar las causas raíz del daño cutáneo a nivel celular. Tanto si necesita ayuda para minimizar la apariencia de líneas finas y arrugas, para atacar las irregularidades pigmentarias o para reducir la textura y la rojez, este dispositivo mejora visiblemente la",faq-swiss-502,0.7011
Full-spectrum red light energy: mimics the sun’s natural healing wavelengths - broad & narrow red light (without harmful UV or blue light).,Full-spectrum red light energy: mimics the sun’s natural healing wavelengths - broad & narrow red light (without harmful UV or blue light).,Energía roja de espectro completo: imita las longitudes de onda naturales de curación del sol - rojo amplio y estrecho (sin luz UV o azul dañina).,faq-swiss-502,0.7192
"Multi-depth skin targeting: Broad-spectrum pulsed light reaches mid-to-deep dermal layers, while narrow LED wavelengths are absorbed at precise depths, to targer skin across all layers.","Multi-depth skin targeting: Broad-spectrum pulsed light reaches mid-to-deep dermal layers, while narrow LED wavelengths are absorbed at precise depths, to targer skin across all layers.","Objetivo de piel en múltiples capas: La luz pulsada de amplio espectro alcanza las capas dérmicas medias y profundas, mientras que las longitudes de onda LED estrechas se absorben a profundidades precisas, para atacar la piel en todas las capas.",faq-swiss-502,0.6944
"Clinically-proven wavelengths: Pulsed light (590 - 1200 nm) promotes overall skin rejuvenation by addressing pigmentation issues (age spots, melasma), redness (rosacea) & minor scarring.","Clinically-proven wavelengths: Pulsed light (590 - 1200 nm) promotes overall skin rejuvenation by addressing pigmentation issues (age spots, melasma), redness (rosacea) & minor scarring.","Longitudes de onda clínicamente probadas: Luz pulsada (590 - 1200 nm) promueve el rejuvenecimiento general de la piel al abordar problemas de pigmentación (lentigos, melasma), enrojecimiento (rosácea) y cicatrices leves.",faq-swiss-502,0.7892
"Smart Swedish design: Full face & neck treatment takes just 2 mins. 5 customizable intensities, up to 4.4 J/cm², up to 10 flashes per second.","Smart Swedish design: Full face & neck treatment takes just 2 mins. 5 customizable intensities, up to 4.4 J/cm², up to 10 flashes per second.","Diseño sueco inteligente: Tratamiento facial y de cuello completo en tan solo 2 minutos. 5 intensidades personalizables, hasta 4,4 J/cm², hasta 10 pulsaciones por segundo.",faq-swiss-502,0.7481
FAQ™ 502 device,FAQ™ 502 device,Preguntas Frecuentes™ 502 dispositivo,faq-swiss-502,0.7353
Protective Glasses,Protective Glasses,Gafas de Protección,faq-swiss-502,0.7351
Glasses Pouch & Cleaning Cloth,Glasses Pouch & Cleaning Cloth,Fundas y Toallas para Gafas,faq-swiss-502,0.4793
"Smoother, more balanced skin - in a flash. FAQ™ 501 helps with skin concerns such as uneven skin tone, fine lines & the appearance of blemishes, working to refine your skin’s texture over time. An easy & effective way to refresh your skin & support a youthful-looking complexion.","Smoother, more balanced skin - in a flash. FAQ™ 501 helps with skin concerns such as uneven skin tone, fine lines & the appearance of blemishes, working to refine your skin’s texture over time. An easy & effective way to refresh your skin & support a youthful-looking complexion.","Piel más suave y equilibrada – en un instante. La FAQ™ 501 ayuda con las preocupaciones de la piel como el tono desigual de la piel, las líneas finas y la apariencia de imperfecciones, trabajando para refinar la textura de tu piel con el tiempo. Una forma fácil y eficaz de refrescar tu piel y apoyar una tez con un aspecto juvenil.",faq-swiss-502,0.7262
"Multi-depth skin targeting: Broad-spectrum pulsed light reaches mid-to-deep dermal layers, while narrow red LED is absorbed at a precise depth - targeting skin across all layers.","Multi-depth skin targeting: Broad-spectrum pulsed light reaches mid-to-deep dermal layers, while narrow red LED is absorbed at a precise depth - targeting skin across all layers.","Objetivo de piel en múltiples capas: El pulso de luz de amplio espectro alcanza las capas dérmicas medias y profundas, mientras que el LED rojo estrecho se absorbe a una profundidad precisa - apuntando a la piel en todas las capas.",faq-swiss-502,0.677
"Smart Swedish design: Full face & neck treatment takes just 2 mins. 5 customizable intensities, up to 3.9 J/cm², up to 7 flashes per second.","Smart Swedish design: Full face & neck treatment takes just 2 mins. 5 customizable intensities, up to 3.9 J/cm², up to 7 flashes per second.","Diseño sueco inteligente: Tratamiento facial y de cuello completo en tan solo 2 minutos. 5 intensidades personalizables, hasta 3,9 J/cm², hasta 7 pulsaciones por segundo.",faq-swiss-502,0.7562
FAQ™ 501 device,FAQ™ 501 device,Preguntas Frecuentes™ 501 dispositivo,faq-swiss-502,0.7491
Prep,Preparar,Prep,faq-swiss-502,0.6708
The power of healing sunlight in a device,"Toda la fuerza del sol para cuidar tu piel, en un solo dispositivo",El poder de la luz solar curativa en un dispositivo,index,0.7952
SKINCARE,COSMÉTICOS,Cuidado de la piel,index,0.4823
FAQ™ Scalp Recovery & Thick Hair Probiotic Serum,FAQ™ Sérum probiótico para cabello y cuero cabelludo,Preguntas Frecuentes™ Serum de Recuperación del Cuero Cabelludo y para Pelo Grueso Probiótico,index,0.6093
More than skincare. A statement piece.,Esto es más que cuidado de la piel: es un accesorio único.,Más que cuidado de la piel. Una declaración.,index,0.7307
3 steps for a face that can face anything,Reinventa tu rutina en tres pasos profesionales,3 pasos para un rostro que pueda enfrentarlo,index,0.6455
"Your skin wants to breathe. To glow. To be firm. The good news is: getting pro-level results is now easier than ever. You can do it anytime, anywhere. Effortlessly. So forget about spending at least an hour at a beauty salon. Check out these 4 products used for a 6-minute routine recommended by Vogue.","Deja a tu piel respirar, tonifícala de forma natural, y dale luminosidad gracias a las luces LED y al ritual con mascarilla facial. Disfruta de resultados profesionales sin importar donde estés. Es tan sencillo como leer la rutina de 6 minutos recomendada por Vogue.",Tu piel quiere respirar. Para brillar. Para ser firme. La buena noticia es: obtener resultados de nivel profesional es ahora más fácil que nunca. Puedes hacerlo en cualquier momento y en cualquier lugar. Sin esfuerzo. Así que olvídate de pasar al menos una hora en un salón de belleza. Consulta estos 4 productos utilizados para una rutina de 6 minutos recomendada por Vogue.,index,0.745
BEARTM Step 2 Facelift,BEARTM Paso 2 Lifting facial,BEARTM Paso 2 Renovación,index,0.6737
UFOTM Step 3 Hydrate,UFOTM Paso 3 Hidrátate,UFOTM Paso 3 Hidrata,index,0.7703
ISSATM Step 3 1/2 Smile,ISSATM Paso 3 1/2 Sonríe,ISATM Paso 3 1/2 Sonrisa,index,0.7082
Near infrared & red light therapy LED face mask,Reafirma. Rejuvenece. Repara.,Máscara facial LED de terapia con luz infrarroja y roja.,index,0.3486
"...when I use the LUNA™ mini 2 and put on my cleanser, before I even take a shower, it just brings the blood supply to my skin, and you know...it just helps everything settle faster in the morning.","...cuando uso LUNA™ mini 2 con mi limpiador facial antes de ducharme estimulo la circulación sanguínea de mi piel, y lo cierto es que me ayuda a comenzar bien el día.","...cuando uso el LUNA™ mini 2 y pongo mi limpiador, antes de siquiera ducharme, simplemente aporta flujo sanguíneo a mi piel, y sabes... simplemente ayuda a que todo se asiente más rápido por la mañana.",index,0.787
"I think probably one of the hugest benefits is that this only takes 90 seconds. Everyone is always in a rush these days, and I think if we could all mask in the morning we would – the UFO™ definitely makes that possible.","Creo que uno de los mayores beneficios es que sólo requiere 90 segundos de uso. Hoy en día todo el mundo tiene prisa, y si pudiéramos disfrutar de una mascarilla todos los días lo haríamos. UFO™ lo hace realmente posible.","Creo que uno de los beneficios más grandes es que esto solo tarda 90 segundos. Todo el mundo siempre tiene prisa últimamente, y creo que si todos pudiéramos ponernos una mascarilla por la mañana – el UFO™ definitivamente lo hace posible.",index,0.7823
"When my eyes get puffy, I pull out my FOREO IRIS™ massager — it mimics the tapping used in traditional Asian skin care. It looks like a vibrator, so I call it my 'eyebrator.'","Cuando siento mis ojos hinchados, uso el masajeador FOREO IRIS™ . Este masajeador imita el masaje de presión tradicional asiático utilizado en el cuidado de la piel. Parece un vibrador, así que lo puedes considerar un 'vibrador para los ojos'.","Cuando mis ojos se me hinchan, saco mi masajeador FOREO IRIS™ — imita el golpeado utilizado en los tratamientos de cuidado de la piel asiáticos tradicionales. Tiene un aspecto como un vibrador, así que lo llamo mi 'eyebrator'.",index,0.735
250+ AWARDS,MÁS DE 250 GALARDONES,250+ PREMIOS,index,0.6946
Fewer wrinkles. In just 1 week.,Reafirma y tonifica. En 1 semana.,Menos arrugas. En solo 1 semana.,index,0.7746
That's right. We just hacked aging.,Así es. Hemos descifrado el envejecimiento.,Eso es correcto. Acabamos de hackear el envejecimiento.,index,0.7099
You absolutely must own this,El dispositivo que debes tener,Debes poseer esto absolutamente,index,0.669
LET’S GET IN TOUCH,CONECTA CON NOSOTROS,Pónganse en contacto,index,0.4691
Behind our global presence is a simple idea: to help millions of people feel great in their own skin. By getting professional results without leaving home.,"Detrás de cualquier éxito, hay una historia. La nuestra empezó con la idea de mejorar el cuidado personal, y ahora ayudamos a millones de personas a sentirse y verse mejor.",Detrás de nuestra presencia global hay una idea sencilla: ayudar a millones de personas a sentirse genial con su propia piel. Obtener resultados profesionales sin salir de casa.,index,0.7643
Firming massages,Masajes reafirmantes,Masajes tensorizantes,luna-collection,0.782
Clinical-consumer results,Resultados clínicos,Resultados clínicos-consumidor,luna-collection,0.7425
"Are you ready to experience the gentlest and most effective cleanse of your life? LUNA™ 4 removes 99% of dirt, oil and makeup residue while promoting circulation, lymphatic drainage and absorption of active ingredients - all thanks to T-Sonic™ pulsations. Personalize the device to your skin needs, and enjoy video-guided skin firming massages via the app to enjoy a premium skincare experience whenever you want. Because you deserve a routine as unique as your skin.","¿Sabías que tu piel acumula más de 4 kilos de suciedad y células muertas en un año? Limpiar tu rostro con las manos no es muy eficaz. Por eso, hemos creado un dispositivo de limpieza facial 2 en 1 que elimina el 99% de suciedad, grasa y restos de maquillaje, y lo hemos probado clínicamente.","¿Está usted listo para experimentar la limpieza más suave y eficaz de su vida? LUNA™ 4 elimina el 99% de suciedad, aceite y residuos de maquillaje, al tiempo que promueve la circulación, el drenaje linfático y la absorción de ingredientes activos, todo gracias a las pulsaciones T-Sonic™. Personalice el dispositivo para satisfacer las necesidades de su piel y disfrute de masajes faciales de firmeza guiados en vídeo a través de la aplicación",luna-collection,0.7141
Deep Tissue Massage,Masaje de tejido profundo,Masaje Profundo,luna-collection,0.7104
Trigger Point Massage Relieves muscle tightness - neck.,Masaje de puntos gatillo Calma la tensión muscular - cuello.,Trigger Point Massage Alivia la tensión muscular - cuello.,luna-collection,0.7272
Trigger Point Massage,Masaje de puntos gatillo,Trigger Point Massage,luna-collection,0.6676
Promotes calm - forehead & temples.,Favorece la relajación - frente y sien.,Promueve la calma - frente y sienes.,luna-collection,0.7259
Restores energy - eyebrows & ears.,Restaura la energía - pestañas y oídos.,Restaura energía - cejas y orejas.,luna-collection,0.7607
Firm,Reafirma,Firm,luna-collection,0.5308
One-time investment,Una inversión para siempre,Inversión única,luna-collection,0.7581
PRESS LOVES IT,PRESS LOVES IT,PRESUME QUESE LO QUIERE,luna-collection,0.4575
"FOREO Imagination™ has a luxurious, creamy texture, taking away the homemade feel of DIY masks and making them feel as fancy as a clinic treatment for a spa at home vibe.","FOREO Imagination™ tiene una textura cremosa y agradable que mejora la sensación de tu mascarilla facial casera para transformarla en un experiencia similar a la de un tratamiento clínico, desde la comodidad de tu casa.","FOREO Imagination™ tiene una textura lujosa y cremosa, eliminando la sensación casera de las mascarillas hechas en casa y haciéndolas sentir tan elegantes como un tratamiento de clínica para un ambiente de spa en casa.",luna-collection,0.7666
T-SonicTM pulsations,Pulsaciones T-SonicTM Silicona ultra higiénica,T-Sonic™ pulsaciones,luna-collection,0.7367
Hong Kong SAR China Delivery estimate: 16/10/25,RAE de Hong Kong (China) Entrega prevista 10/16/25,Estimado de entrega: 16/10/25,luna-collection,0.7493
Réunion Delivery estimate: 20/10/25,Reunión Entrega prevista 10/20/25,Estimación de entrega Réunion: 20/10/25,luna-collection,0.7968
United Arab Emirates Delivery estimate: 16/10/25,Emiratos Árabes Unidos Entrega prevista 10/16/25,Fecha estimada de entrega: 16/10/25,luna-collection,0.7309
"Immediate lift, deep cleanse","Reafirmación inmediata, limpieza profunda","Levantamiento inmediato, limpieza profunda",luna-facial-cleansing,0.7623
Highest price,Highest price,Mayor precio,luna-facial-cleansing,0.7475
Lowest price,Lowest price,Precio más bajo,luna-facial-cleansing,0.7762
Best-selling 2-in-1 smart facial cleansing & firming device.,Best-selling 2-in-1 smart facial cleansing & firming device.,"Dispositivo inteligente de limpieza y firmeza facial 2 en 1, más vendido.",luna-facial-cleansing,0.7881
2-in-1 smart facial cleansing & firming for skin & beard.,2-in-1 smart facial cleansing & firming for skin & beard.,2 en 1 limpiador facial inteligente y reafirmante para piel y barba.,luna-facial-cleansing,0.7905
"Near-infrared, red LED cleansing & microcurrent. For aging skin.","Near-infrared, red LED cleansing & microcurrent. For aging skin.","Near-infrared, red LED limpieza y microcorriente. Para pieles envejecidas.",luna-facial-cleansing,0.7742
Dual-sided facial cleansing massager.,Dual-sided facial cleansing massager.,Masajeador facial de doble cara.,luna-facial-cleansing,0.7171
Travel-friendly facial cleansing & massaging device.,Travel-friendly facial cleansing & massaging device.,Dispositivo facial de limpieza y masaje apto para viajar.,luna-facial-cleansing,0.7784
Combination skin,Combination skin,Piel mixta,luna-facial-cleansing,0.7306
Soft silicone facial cleansing brush for every skin type.,Soft silicone facial cleansing brush for every skin type.,Cepillo facial de silicona suave para todo tipo de piel.,luna-facial-cleansing,0.6239
Sensitive skin,Sensitive skin,Piel sensible,luna-facial-cleansing,0.7007
Thermo-facial cleansing brush that lifts your face with microcurrent.,Thermo-facial cleansing brush that lifts your face with microcurrent.,Cepillo de limpieza facial y microcorriente que levanta el rostro.,luna-facial-cleansing,0.6372
Compact dual-sided facial cleansing brush for all skin types.,Compact dual-sided facial cleansing brush for all skin types.,Cepillo facial de limpieza de doble cara para todo tipo de piel.,luna-facial-cleansing,0.6686
The most gentle cleanse,The most gentle cleanse,La limpieza más suave,luna-facial-cleansing,0.7511
Gently expel and lift away impurities from deep within pores.,Gently expel and lift away impurities from deep within pores.,Expulsa y elimina suavemente las impurezas de las profundidades del poro.,luna-facial-cleansing,0.7686
Tiny but mighty facial cleansing brush for skincare on the go.,Tiny but mighty facial cleansing brush for skincare on the go.,Cepillo facial de limpieza pequeño pero potente para el cuidado de la piel en cualquier lugar.,luna-facial-cleansing,0.7031
Cleanse & refresh on-the-go,Piel limpia y fresca estés donde estés,Limpiar y refrescar sobre la marcha,luna-go-collection,0.4671
Your travel-friendly skincare essential.,Cuidado de la piel en el gimnasio o de viaje,Tu esencial de cuidado de la piel para viajar.,luna-go-collection,0.6401
"LUNA™ 4's little sister - perfect for the times when you really need to cleanse your skin while out and about — after sweating at the gym, sleeping on a flight, or lying on the beach.","Toma el control del estado de tu piel incluso en los días más ajetreados. LUNATM 4 go es el hermano pequeño de LUNATM 4, y ha sido probado clínicamente que elimina el 99% de suciedad, grasa y restos de maquillaje. Es perfecto para esos momentos en los que necesitas limpiar tu piel fuera de casa - después de sudar en el gimnasio, dormir en un vuelo o descansar en la playa.","LUNA™ 4's pequeña hermana - perfecta para cuando realmente necesitas limpiar tu piel mientras estás fuera — después de sudar en el gimnasio, dormir en un vuelo o estar tumbado en la playa.",luna-go-collection,0.6072
"Effortless 1-min facial cleanse? Check. Targeted firming facial massage? Check. Light, compact, and travel-friendly? Check. Fresh, healthy-looking radiance? You know it!","¿Limpieza facial de 1 minuto sin esfuerzo? Sí. ¿Masaje facial reafirmante y preciso? Sí. ¿Ligero, compacto y fácil de transportar? Sí. ¿Piel fresca, sana y luminosa? ¡Por supuesto!","Limpieza facial sin esfuerzo de 1 minuto? Comprobar. Masaje facial reafirmante dirigido? Comprobar. Ligero, compacto y apto para viajar? Comprobar. Luminosidad fresca y saludable? ¡Lo sabes!",luna-go-collection,0.7609
Travel-friendly,Ideal para llevar de viaje,Viajero-amigable,luna-go-collection,0.5569
Firming massage,Masaje reafirmante,Masaje de firmeamiento,luna-go-collection,0.7141
Healthy complexion,Piel más sana,Complexión sana,luna-go-collection,0.6651
"Compact & lightweight, LUNA™ 4 go offers a deep in-pore cleanse and firming massage on-the-go. Clinically proven to remove 99% of dirt, oil, and makeup residue - giving you a radiant complexion no matter where your adventures take you...","Toma el control del estado de tu piel incluso en los días más ajetreados. LUNA™ 4 go es el nuevo dispositivo esencial de cuidado facial para lucir una piel radiante en cualquier lugar. ¡Limpieza facial de 1 minuto sin esfuerzo? Sí. ¿Masaje facial reafirmante y preciso? Sí. ¿Ligero, compacto y fácil de transportar? Sí. ¿Piel fresca, sana y luminosa? ¡Por supuesto!","Compact & lightweight, LUNA™ 4 go ofrece un limpieza profunda en el poro y masaje reafirmante a domicilio. Clínicamente probado para eliminar el 99% del sucio, el aceite y los residuos de maquillaje – dándote un cutis radiante sin importar dónde te lleven tus aventuras...",luna-go-collection,0.6388
100% of users report more refreshed & radiant skin.,35 veces más higiénico que los cepillos con filamentos de nylon.,El 100% de los usuarios reporta una piel más refrescada y radiante.,luna-go-collection,0.5916
2-zone brush head with thick and thin touchpoints for all skin types.,El 98% de usuarios sintió una mayor absorción de sus productos de cuidado facial.,Cabezal de cepillo de 2 zonas con puntos de contacto gruesos y finos para todo tipo de piel.,luna-go-collection,0.4845
Firm,Reafirma la piel,Firme,luna-go-collection,0.4755
SUPERCHARGED™ Barrier Restoring Essence Mist,SUPERCHARGED™ Bruma facial restauradora,SUPERCHARGED™ Esencia en Aerosol Restauradora de Barrera,luna-go-collection,0.6533
Ultra-hygienic silicone,Resultados clínicos y opiniones de expertos,Ultra-higiénico silicona,luna-go-collection,0.3712
Affiliate News,Noticias de afiliados,Afiliado News,luna-go-collection,0.7466
"Skincare smarter, not harder.",Limpieza facial inteligente para piel y barba,"Cuida tu piel de forma más inteligente, no más difícil.",luna-men-collection,0.5274
"Remove 99% of dirt, oil and sweat. Prevent breakouts. Eliminate razor burn. Take your facial cleansing routine to a pro level. Designed for expert care of thicker and oilier male skin, LUNA™ 4 MEN cleanses the face and conditions the beard for the smoothest shave of your life.","Tu piel acumula más de 4 kilos de suciedad y células muertas de la piel en un año. Limpiar tu rostro con las manos no es tan eficaz como piensas. Por eso, hemos creado un dispositivo de limpieza facial 2 en 1 que elimina el 99% de suciedad y grasa de la piel y el vello facial, y lo hemos probado clínicamente.","Elimina un 99% de suciedad, aceite y sudor. Previene los brotes. Elimina la irritación por afeitar. Lleva tu rutina de limpieza facial a un nivel profesional. Diseñado para el cuidado experto de la piel masculina gruesa y grasienta, LUNA™ 4 MEN limpia el rostro y acondiciona la barba para el afeitado más suave de tu vida.",luna-men-collection,0.6896
Smoother shave,Afeitado más suave,A afeitar más suave,luna-men-collection,0.7092
"LUNA™ 4 MEN delivers a deep, personalized cleanse that targets your unique skin concerns, while firming the face and neck in 1 min. Experience the smoothest shave, reduce breakouts & ingrown hairs, prevent razor burn, and make razor blades last for up to 2x as long.","Tu piel acumula más de 4 kilos de suciedad y células muertas de la piel en un año, y limpiar tu rostro con las manos no es tan eficaz como piensas. Por eso, hemos creado un dispositivo de limpieza facial 2 en 1 que elimina el 99% de suciedad y grasa de la piel y el vello facial, y lo hemos probado clínicamente.","LUNA™ 4 MEN ofrece un limpieza profunda y personalizada que se dirige a tus preocupaciones cutáneas únicas, al tiempo que tensa la cara y el cuello en 1 minuto. Experimenta el afeitado más suave, reduce las granitos y vellos encarnados, previene la irritación por afeitar y haz que las hojas de afeitar duren hasta 2 veces más.",luna-men-collection,0.5866
100% of users report it's better than cleansing by hand.,El 100% de los usuarios declaró sentir la piel mejor que al limpiarla con las manos,El 100% de los usuarios informa que es mejor que la limpieza manual.,luna-men-collection,0.7811
"90% of users report a closer shave, less razor burn & longer lasting razor blades.","El 90% de los usuarios declaró sentir el afeitado más apurado, menos irritación y una mayor duración de las cuchillas","El 90% de los usuarios informan de una afeitado más cercano, menos irritación y hojas de afeitar que duran más.",luna-men-collection,0.7789
"16 intensities, 4 guided massages & 600 uses per USB charge.","16 intensidades, 3 modos de limpieza, 4 masajes guiados y 5 tipos de masaje","16 intensidades, 4 masajes guiados y 600 usos por carga USB.",luna-men-collection,0.7025
LUNA™ 2-in-1 Shaving + Cleansing Foaming Cream 2.0,LUNA™ 2-in-1 Shaving + Cleansing Foaming Cream 2.0,LUNA™ Crema Espuma para Afeitar y Limpiar 2-en-1 2.0,luna-men-collection,0.7939
Clean skin. Fewer breakouts. Instant glow.,"Una piel limpia, sana y radiante. Todos los días.",Piel limpia. Menos brotes. Brillo instantáneo.,luna-mini-collection,0.6377
The mini-but-mighty must-have for young skin,La mejor forma de preparar la piel,El mini-pero-imprescindible para la piel joven,luna-mini-collection,0.5255
"Get clear, glowing skin with minimum effort. LUNA™ 4 mini unclogs pores to stop breakouts, and tackles an oily complexion. It's clinically proven to remove 99% of dirt, oil and makeup residue.","Ha sido probado clínicamente que elimina el 99% de suciedad, grasa y restos de maquillaje. Ultra higiénico. Más suave que nunca. Este compacto y potente limpiador y masajeador facial inteligente ilumina tu piel de una forma sencilla y agradable. El cabezal de cepillado de 2 zonas es perfecto para todo tipo de pieles.","Obtén una piel clara y luminosa con mínimo esfuerzo. LUNA™ 4 mini desobstruye los poros para detener los brotes y combate las pieles grasas. Está clínicamente probado para eliminar el 99% de suciedad, aceite y residuos de maquillaje.",luna-mini-collection,0.7022
"When in a hurry, use 30-second Glow Boost mode for a quick refresh. Healthy skin is happy skin, and now every day can be a perfect skin day.","Fabricado con silicona resistente a las bacterias para disminuir las imperfecciones. Cuando tengas prisa, usa el modo Glow Boost de 30 segundos. Exfolia las células muertas de la piel, aumenta el drenaje linfático y la absorción de tus productos.","Cuando tengas prisa, usa el modo Glow Boost de 30 segundos para un refresco rápido. La piel sana es piel feliz, y ahora cada día puede ser un día perfecto para tu piel.",luna-mini-collection,0.6188
Healthy complexion,Una piel sana,Complexión saludable,luna-mini-collection,0.5806
"LUNATM 4 mini uses T-SonicTM pulsations and velvety-soft silicone touchpoints to remove impurities trapped deep within pores. It is clinically proven to remove 99% of dirt, oil and makeup residue, and is 35x more hygienic than brushes with nylon bristles.","LUNATM 4 mini uses T-SonicTM pulsations and velvety-soft silicone touchpoints to remove impurities trapped deep within pores. It is clinically proven to remove 99% of dirt, oil and makeup residue, and is 35x more hygienic than brushes with nylon bristles.","LUNATM 4 mini utiliza pulsaciones T-SonicTM y puntos de contacto de silicona suave como la seda para eliminar las impurezas atrapadas en las profundidades de los poros. Está clínicamente probado para eliminar el 99% del sucio, el aceite y los residuos de maquillaje, y es 35 veces más higiénico que los cepillos con cerdas de nailon.",luna-mini-collection,0.7405
Reveal a radiant complexion in just 30 seconds. Quick-press Glow Boost mode gets you flawless skin when there’s no time for a full routine. 100% of users report more radiant skin after use.,Reveal a radiant complexion in just 30 seconds. Quick-press Glow Boost mode gets you flawless skin when there’s no time for a full routine. 100% of users report more radiant skin after use.,Revela una tez radiante en tan solo 30 segundos. El modo Glow Boost pulsando rápidamente te da una piel perfecta cuando no hay tiempo para una rutina completa. El 100% de los usuarios reporta una piel más radiante tras su uso.,luna-mini-collection,0.7767
Healthy complexion,Healthy complexion,Complexión sana,luna-mini-collection,0.6601
"T-SonicTM pulsations boost microcirculation - delivering nutrients to skin cells and eliminating toxins, while boosting lymphatic drainage. 100% of users report more refreshed skin, with 96% claiming skin looks healthier.","T-SonicTM pulsations boost microcirculation - delivering nutrients to skin cells and eliminating toxins, while boosting lymphatic drainage. 100% of users report more refreshed skin, with 96% claiming skin looks healthier.","Las pulsaciones T-Sonic™ potencian la microcirculación – entregando nutrientes a las células de la piel y eliminando toxinas, al tiempo que estimulan el drenaje linfático. El 100% de los usuarios reporta una piel más refrescada, con el 96% afirmando que la piel luce más sana.",luna-mini-collection,0.7969
Flawless prep,Flawless prep,Preparación impecable,luna-mini-collection,0.7964
"Prep your skin for the most effective skincare routine. LUNATM 4 mini enables the active ingredients in your creams, serums, and masks to penetrate deep into skin, where they work the best. 98% of users report better absorption of skincare products.","Prep your skin for the most effective skincare routine. LUNATM 4 mini enables the active ingredients in your creams, serums, and masks to penetrate deep into skin, where they work the best. 98% of users report better absorption of skincare products.","Prepara tu piel para la rutina de cuidado facial más eficaz. LUNATM 4 mini permite que los ingredientes activos de tus cremas, sérums y mascarillas penetren profundamente en la piel, donde funcionan mejor. El 98% de los usuarios informan de una mejor absorción de los productos para el cuidado de la piel.",luna-mini-collection,0.7629
Reduce blemishes,Reduce blemishes,Reducir imperfecciones,luna-mini-collection,0.6717
"Made of ultra-hygienic silicone, LUNATM 4 mini is bacteria-resistant to reduce breakouts. It also gently exfoliates skin, removing dead skin cells to reveal fresh healthy skin below. 81% of users report reduced appearance of blemishes.","Made of ultra-hygienic silicone, LUNATM 4 mini is bacteria-resistant to reduce breakouts. It also gently exfoliates skin, removing dead skin cells to reveal fresh healthy skin below. 81% of users report reduced appearance of blemishes.","Hecho de silicona ultra-higiénica, LUNATM 4 mini es resistente a las bacterias para reducir los brotes. También exfolia suavemente la piel, eliminando las células muertas para revelar una piel fresca y sana debajo. El 81% de los usuarios informa de una reducción en la apariencia de las imperfecciones.",luna-mini-collection,0.7831
LUNATM 4 mini’s revolutionary silicone touchpoints are now 17% softer to glide even more effortlessly across the skin and preserve natural elasticity. It offers 12 intensities and lasts up to 500 uses per one USB charge. No replacement parts needed. Ever.,LUNATM 4 mini’s revolutionary silicone touchpoints are now 17% softer to glide even more effortlessly across the skin and preserve natural elasticity. It offers 12 intensities and lasts up to 500 uses per one USB charge. No replacement parts needed. Ever.,Los puntos de contacto de silicona revolucionarios del LUNATM 4 mini son ahora un 17% más suaves para deslizarse aún más suavemente sobre la piel y preservar elástica. Ofrece 12 intensidades y dura hasta 500 usos con una sola carga USB. Nunca se necesitan piezas de repuesto.,luna-mini-collection,0.7479
"The answer to all your skin problems is finally here. LUNA™ 4 mini uses T-Sonic™ massage to effortlessly deep clean pores, while exfoliating dull skin. With thicker touchpoints to target the oiler T-zone area, and thinner touchpoints to gently cleanse the rest of the face, this device is an essential for any young skincare enthusiast.","Un dispositivo compacto y potente indispensable para cualquier fan del cuidado facial. Ha sido probado clínicamente que sus pulsaciones T-Sonic™ eliminan el 99% de suciedad, grasa y restos de maquillaje para limpiar profundamente los poros, las zonas con problemas y reducir las imperfecciones. Y cuando tengas prisa, usa el modo Glow Boost de 30 segundos para una limpieza rápida.","La respuesta a todos tus problemas de piel finalmente está aquí. LUNA™ 4 mini utiliza el masaje T-Sonic™ para limpiar profundamente los poros de forma fácil, mientras exfolia la piel apagada. Con puntos de contacto más gruesos para dirigirse al área T-zone más grasa, y puntos de contacto más delgados para limpiar suavemente el resto del rostro, este dispositivo es esencial para cualquier entusiasta de los cuidados de la piel joven.",luna-mini-collection,0.7566
"Clinically proven to remove 99% of dirt, oil & makeup residue.",35 veces más higiénico que los filamentos de nylon.,"Demostrado clínicamente para eliminar el 99% del sucio, el aceite y los residuos de maquillaje.",luna-mini-collection,0.5834
2-zone brush head & quick 30-second Glow Boost mode for ultimate ease.,Cabezal de 2 zonas y modo rápido Glow Boost para facilitar la limpieza.,Cabezal de cepillo de 2 zonas y modo de impulso de brillo de 30 segundos para la máxima facilidad.,luna-mini-collection,0.762
Rinse,Aclara,Enjuaga,luna-mini-collection,0.6884
Firm & plump,Reafirma y rellena,Firme y carnoso,luna-plus-collection,0.4073
Unlock device,Micro-Foam Cleanser,Desbloquear dispositivo,luna-plus-collection,0.5316
Tighten & firm,Reafirma y tonifica,Apretar y apretar.,luna-plus-collection,0.4292
Microcurrent & Anti-Shock SystemTM Ultra-hygienic silicone,Microcorrientes y Anti-Shock SystemTM Silicona ultra higiénica,Microcurrent & Anti-Shock System™ Ultra-hygienic silicon,luna-plus-collection,0.7553
Increases firmness,Mejora la firmeza,Aumenta la firmeza,red-light-therapy,0.7368
Reduces redness,Reduce las rojeces,Reduce la rojez,red-light-therapy,0.6313
"The world's first full-spectrum red light therapy with NIR. Mimics the sun’s natural healing wavelengths, delivering broad and narrow light while filtering out UV and blue.","El primer dispositivo del mundo de terapia con luz roja de espectro completo para el rejuvenecimiento de la piel. Aprovecha el poder reparador de la luz solar, pero sin los rayos dañinos.","El primer sistema de terapia con luz roja de espectro completo con NIR del mundo. Imita las longitudes de onda naturales de curación del sol, proporcionando luz amplia y estrecha mientras filtra los rayos UV y el azul.",red-light-therapy,0.738
FAQ™ LED Panel,FAQ™ LED Panel,Preguntas Frecuentes™ Panel LED,red-light-therapy,0.7178
Red light therapy to reduce wrinkles and significantly improve firmness and elasticity.,Disminuye las líneas de expresión y las imperfecciones con 3 luces LED.,Red light therapy para reducir las arrugas y mejorar significativamente la firmeza y la elasticidad.,red-light-therapy,0.5965
"Near-infrared, red LED cleansing & microcurrent. For aging skin.",Limpieza facial con LED cercana de infrarrojos y microcorrientes para piel madura.,"Near-infrared, red LED limpieza y microcorriente. Para pieles envejecidas.",red-light-therapy,0.7198
A revolutionary NIR and red light therapy facial device clinically proven to reduce wrinkles in just 1 week.,Clínicamente probado para aumentar la hidratación de la piel un 126% en sólo 2 minutos.,"Dispositivo de terapia con luz infrarroja cercana y roja, revolucionario, clínicamente probado para reducir las arrugas en solo 1 semana.",red-light-therapy,0.6694
"On-the-go deep facial hydration device that leaves you with a healthy, happy & hydrated complexion.",Hidrata profundamente la piel en cualquier momento y lugar.,"Dispositivo de hidratación facial profunda para llevar que te deja con un cutis sano, feliz e hidratado.",red-light-therapy,0.6144
SCIENCE,SCIENCE,Ciencia,red-light-therapy,0.6996
HAND MASKS,MASCARILLAS DE MANO,Guantes para las manos,red-light-therapy,0.4408
Hands Down: LED Hand Masks Are Your Best Anti-Aging Move,No hay duda: las mascarillas LED son tu mejor opción antiedad,Hands Down: Las Máscaras Faciales LED Son Tu Mejor Movimiento Anti-Envejecimiento,red-light-therapy,0.7583
DO RED LIGHT MASKS ACTUALLY WORK?,¿FUNCIONAN REALMENTE LAS MÁSCARAS LED DE LUZ ROJA?,¿Los antifaces de luz roja realmente funcionan?,red-light-therapy,0.5039
DOES RED LIGHT THERAPY WORK FOR HAIR LOSS?,¿LA TERAPIA DE LUZ ROJA FUNCIONA PARA COMBATIR LA PÉRDIDA DE CABELLO?,¿La terapia con luz roja funciona para la pérdida de cabello?,red-light-therapy,0.5448
DOES IT HURT TO USE?,¿ES UNA TERAPIA DOLOROSA?,¿Le duele usarlo?,red-light-therapy,0.5693
HOW DEEP DOES RED LIGHT THERAPY PENETRATE?,¿A QUÉ PROFUNDIDAD PENETRA LA TERAPIA DE LUZ ROJA?,¿CUÁN PROFUNDO PENETRÁN LOS PENS DE TERAPÍA CON LUZ ROJA?,red-light-therapy,0.6534
WHAT IS THE LED FREQUENCY WAVELENGTH OF THE RED LIGHT THERAPY?,¿CUÁL ES LA LONGITUD DE ONDA DE LA FRECUENCIA LED EN LA TERAPIA DE LUZ ROJA?,¿Cuál es la frecuencia de onda de longitud de onda del LED de luz roja para terapia?,red-light-therapy,0.6022
Everything your face desires,Todo lo que tu rostro y cuerpo desean,Todo lo que deseas tu rostro,shop_skincare,0.6546
"Experience remarkable transformations with FOREO's pro-level skincare essentials. Effortlessly eliminate the day's impurities and makeup residue, revealing a refreshed, revitalized, and irresistibly soft complexion. Take your skincare routine to unparalleled heights by embracing FOREO's range of deeply moisturizing cleansers, hydration-boosting masks, youth-preserving serums, and much more.","El cuidado facial depende de la calidad de tus dispositivos y productos cosméticos. Para lucir y sentirte mejor, escoge productos que mejoran tu bienestar y tu cuidado personal. Elige dispositivos, mascarillas, sérums y cualquier producto para la piel de nivel profesional para que puedas lucir un aspecto inmejorable.","Experimenta transformaciones notables con FOREO’s esenciales de cuidado facial de nivel profesional. Elimina sin esfuerzo las impurezas y residuos de maquillaje del día, revelando una piel fresca, revitalizada e irresistiblemente suave. Lleva tu rutina de cuidado facial a cotas inigualables abrazando la gama de limpiadores ultra hidratantes, mascarillas de impulso de hidratación, serums de preservación de la juventud y mucho más de FOREO.",shop_skincare,0.6463
KIWI™ Pore Minimizing Toner Pads,KIWI™ Discos tonificantes y reductores de poros,KIWI™ Pads para Minimizar Pores,shop_skincare,0.6779
"Korean toner pads that minimize pores, calm redness, balance pH level & strengthen the skin barrier.","Discos tonificantes coreanos que disminuyen los poros, calman las rojeces, equilibran el nivel de pH y fortalecen la barrera cutánea.","Espuma para toallas que minimizan los poros, calman la rojez, equilibran el pH y fortalecen la barrera cutánea.",shop_skincare,0.7861
5-in-1 spa device for deep hydration & better absorption of active ingredients.,Dispositivo spa de cuidado facial doméstico.,Dispositivo spa de 5 en 1 para hidratación profunda y mejor absorción de ingredientes activos.,special-offers,0.6756
Compact facial spa device that unlocks the full value of masks.,Dispositivo spa facial para un tratamiento rápido.,Dispositivo facial spa compacto que desbloquea todo el valor de las mascarillas.,special-offers,0.7019
ISSA™ mini Sensitive Brush Head,Cabezal de cepillado ISSA™ mini Sensitive,ISSA™ mini Cabeza de Cepillo Sensible,special-offers,0.699
