english,spanish
This website uses cookies,Esta p√°gina web usa cookies
"We use cookies to personalise content and ads, to provide social media features and to analyse our traffic. We also share information about your use of our site with our social media, advertising and analytics partners who may combine it with other information that you‚Äôve provided to them or that they‚Äôve collected from your use of their services.¬†By clicking ""ALLOW ALL COOKIES"" you consent to our Cookie Policy and Privacy Policy .","Las cookies de este sitio web se usan para personalizar el contenido y los anuncios, ofrecer funciones de redes sociales y analizar el tr√°fico. Adem√°s, compartimos informaci√≥n sobre el uso que haga del sitio web con nuestros partners de redes sociales, publicidad y an√°lisis web, quienes pueden combinarla con otra informaci√≥n que les haya proporcionado o que hayan recopilado a partir del uso que haya hecho de sus servicios.¬†Al hacer clic en ""PERMITIR TODAS LAS COOKIES"", acepta nuestra Pol√≠tica de cookies y privacidad ."
Necessary,Necesario
Preferences,Preferencias
Statistics,Estad√≠stica
Marketing,Marketing
Get your FOREO bestseller now,Consigue tu FOREO superventas ahora
"Life is beautiful. But, with FOREO, it can also be extraordinary. Pamper yourself like never before with best-selling FOREO skincare and oral care devices, and indulge in moments of relaxation, rejuvenation and self-discovery. Over 20 million happy skincare lovers worldwide.","La vida es bella, pero con FOREO puede ser extraordinaria. Mima tu piel como nunca antes con los dispositivos m√°s vendidos para el cuidado bucal y el cuidado de la piel de FOREO, y disfruta de unos relajantes momentos de rejuvenecimiento y descubrimiento personal. √önete a los m√°s de 20 millones de amantes del cuidado de la piel en todo el mundo."
Featured,Destacado
Featured,Destacado
Popularity,Popularidad
Highest discount,Mayor descuento
Highest price,Precio descendente
Lowest price,Precio ascendente
FAQ‚ĄĘ 202,FAQ‚ĄĘ 202
Red light therapy face mask to reduce wrinkles and significantly improve firmness and elasticity.,La nueva generaci√≥n de m√°scaras faciales LED de silicona flexi-fit.
BEAR‚ĄĘ 2,BEAR‚ĄĘ 2
"Safe, painless and non-invasive alternative to facelifts and botox.","Alternativa segura, no invasiva y sin dolor al lifting facial y a los neuromoduladores."
BEAR‚ĄĘ 2,BEAR‚ĄĘ 2
"Safe, painless and non-invasive alternative to facelifts and botox.","Alternativa segura, no invasiva y sin dolor al lifting facial y a los neuromoduladores."
BEAR‚ĄĘ 2,BEAR‚ĄĘ 2
"Safe, painless and non-invasive alternative to facelifts and botox.","Alternativa segura, no invasiva y sin dolor al lifting facial y a los neuromoduladores."
FAQ‚ĄĘ 402,FAQ‚ĄĘ 402
"Repairs multiple skin layers, promotes collagen production, and strengthens facial and neck muscles.","Repara m√ļltiples capas de la piel, promueve la producci√≥n de col√°geno y fortalece los m√ļsculos faciales y del cuello."
Sensitive Skin,Sensitive Skin
Sensitive Skin,Sensitive Skin
LUNA‚ĄĘ 4,LUNA‚ĄĘ 4
Best-selling 2-in-1 smart facial cleansing & firming device.,Dispositivo limpiador y reafirmante facial 2 en 1 m√°s vendido.
Balanced Skin,Balanced Skin
Balanced Skin,Balanced Skin
LUNA‚ĄĘ 4,LUNA‚ĄĘ 4
Best-selling 2-in-1 smart facial cleansing & firming device.,Dispositivo limpiador y reafirmante facial 2 en 1 m√°s vendido.
Combination Skin,Combination Skin
Combination Skin,Combination Skin
LUNA‚ĄĘ 4,LUNA‚ĄĘ 4
Best-selling 2-in-1 smart facial cleansing & firming device.,Dispositivo limpiador y reafirmante facial 2 en 1 m√°s vendido.
UFO‚ĄĘ 3,UFO‚ĄĘ 3
Like an iron for your wrinkles. Clinically proven to reduce wrinkles in just 1 week.,Cl√≠nicamente probado para reducir las arrugas en s√≥lo 1 semana.
UFO‚ĄĘ 3,UFO‚ĄĘ 3
Like an iron for your wrinkles. Clinically proven to reduce wrinkles in just 1 week.,Cl√≠nicamente probado para reducir las arrugas en s√≥lo 1 semana.
UFO‚ĄĘ 3,UFO‚ĄĘ 3
Like an iron for your wrinkles. Clinically proven to reduce wrinkles in just 1 week.,Cl√≠nicamente probado para reducir las arrugas en s√≥lo 1 semana.
UFO‚ĄĘ 3,UFO‚ĄĘ 3
Like an iron for your wrinkles. Clinically proven to reduce wrinkles in just 1 week.,Cl√≠nicamente probado para reducir las arrugas en s√≥lo 1 semana.
FAQ‚ĄĘ 301,FAQ‚ĄĘ 301
Innovative red LED light therapy device to combat hair loss by promoting regrowth & strengthening hair.,Innovador dispositivo de luz LED roja para combatir la ca√≠da promoviendo el crecimiento y fortalecimiento del cabello.
LUNA‚ĄĘ 4 body,LUNA‚ĄĘ 4 body
Ultra-hygienic massaging body brush.,Cepillo ultrahigi√©nico de masaje corporal.
LUNA‚ĄĘ 4 body,LUNA‚ĄĘ 4 body
Ultra-hygienic massaging body brush.,Cepillo ultrahigi√©nico de masaje corporal.
LUNA‚ĄĘ 4 body,LUNA‚ĄĘ 4 body
Ultra-hygienic massaging body brush.,Cepillo ultrahigi√©nico de masaje corporal.
BEAR‚ĄĘ 2 go,BEAR‚ĄĘ 2 go
"Snatched skin anytime, anywhere with this travel-ready microcurrent device.",Piel deslumbrante en cualquier momento y lugar.
BEAR‚ĄĘ 2 go,BEAR‚ĄĘ 2 go
"Snatched skin anytime, anywhere with this travel-ready microcurrent device.",Piel deslumbrante en cualquier momento y lugar.
ESPADA‚ĄĘ 2 plus,ESPADA‚ĄĘ 2 plus
Targeted blue LED therapy acne treatment device that successfully eliminates recurring acne.,Elimina el acn√© recurrente con terapia LED precisa.
ESPADA‚ĄĘ 2 plus,ESPADA‚ĄĘ 2 plus
Targeted blue LED therapy acne treatment device that successfully eliminates recurring acne.,Elimina el acn√© recurrente con terapia LED precisa.
LUNA‚ĄĘ 4 mini,LUNA‚ĄĘ 4 mini
Dual-sided facial cleansing massager.,Limpiador y masajeador facial de doble cara.
LUNA‚ĄĘ 4 mini,LUNA‚ĄĘ 4 mini
Dual-sided facial cleansing massager.,Limpiador y masajeador facial de doble cara.
LUNA‚ĄĘ 4 mini,LUNA‚ĄĘ 4 mini
Dual-sided facial cleansing massager.,Limpiador y masajeador facial de doble cara.
LUNA‚ĄĘ 4 mini,LUNA‚ĄĘ 4 mini
Dual-sided facial cleansing massager.,Limpiador y masajeador facial de doble cara.
Didn't find what you are looking for?,¬ŅNo encontraste lo que estabas buscando?
We know you need the right devices to turn your routine into a ritual.,Sabemos que necesitas los dispositivos correctos para transformar tu rutina en un ritual.
Want to be first to hear about new products?,¬ŅQuieres conocer antes que nadie los nuevos productos?
Subscribe for updates,Suscr√≠bete para recibir novedades
Log in User profile My devices My orders My addresses,Iniciar sesi√≥n Perfil de usuario Mis dispositivos Mis pedidos Mis direcciones
Log in,Iniciar sesi√≥n
User profile,Perfil de usuario
My devices,Mis dispositivos
My orders,Mis pedidos
My addresses,Mis direcciones
BLACK FRIDAY 2025 GET THE CODE,BLACK FRIDAY 2025 CONS√ćGUE EL C√ďDIGO
GET THE CODE,CONS√ćGUE EL C√ďDIGO
PRE-ORDER + GIFT FAQ‚ĄĘ 202 plus,RESERVA + REGALO FAQ‚ĄĘ 202 plus
FAQ‚ĄĘ 202 plus,FAQ‚ĄĘ 202 plus
NEW FAQ‚ĄĘ 502,NUEVO FAQ‚ĄĘ 502
FAQ‚ĄĘ 502,FAQ‚ĄĘ 502
Popular Special offers Bestsellers Red light therapy,Popular Sorpresas especiales Superventas Terapia de luz roja
Special offers,Sorpresas especiales
Bestsellers,Superventas
Red light therapy,Terapia de luz roja
"Swedish beauty routine Facial cleansing LUNA‚ĄĘ 4 Anti-aging massage LUNA‚ĄĘ 4 plus Anti-aging massage, LED heating LUNA‚ĄĘ 4 MEN For men, anti-aging massage LUNA‚ĄĘ 4 mini For young skin, T-zone LUNA‚ĄĘ 4 go For travel or gym bag LUNA‚ĄĘ skincare Premium cleansers & balm LUNA‚ĄĘ devices All facial cleansing devices Facelift BEAR‚ĄĘ 2 Microcurrent toning device BEAR‚ĄĘ 2 go Microcurrent toning on-the-go BEAR‚ĄĘ 2 eyes & lips Microcurrent line smoothing device Facelift skincare Premium anti-aging skincare BEAR‚ĄĘ devices All premium facelift devices Hydration UFO‚ĄĘ 3 Deep facial hydration device UFO‚ĄĘ 3 LED Near-infrared and red light therapy device UFO‚ĄĘ 3 mini Red light therapy device for young skin UFO‚ĄĘ 3 go Portable red light therapy Masks Rejuvenation & hydration UFO‚ĄĘ devices All deep facial hydration devices Oral care issa‚ĄĘ 4 Hybrid silicone sonic toothbrush issa‚ĄĘ 4 plus Smart hybrid silicone sonic toothbrush issa‚ĄĘ 4 smile Hybrid silicone sonic toothbrush issa‚ĄĘ 4 baby For ages 0-3 ISSA‚ĄĘ devices All silicone sonic toothbrushes","RUTINA SUECAS DE BELLEZA Limpieza facial LUNA‚ĄĘ 4 Masaje antiedad LUNA‚ĄĘ 4 Plus Masaje antiedad y calor LED LUNA‚ĄĘ 4 Men Masaje antiedad para hombres LUNA‚ĄĘ 4 mini Zona-T, para piel joven LUNA‚ĄĘ 4 go Para llevar siempre contigo Cuidado de la piel LUNA‚ĄĘ Limpiadores y b√°lsamos faciales premium Dispositivos LUNA‚ĄĘ Todos los dispositivos de limpieza facial Lifting facial BEAR‚ĄĘ 2 Tonificador facial de microcorrientes BEAR‚ĄĘ 2 go Tonificaci√≥n con microcorrientes sobre la marcha BEAR‚ĄĘ 2 eyes & lips Dispositivo rejuvenecedor de microcorrientes Lifting facial Cuidado de la piel antiedad Dispositivos BEAR‚ĄĘ Todos los dispositivos de lifting facial premium Hidrataci√≥n UFO‚ĄĘ 3 Dispositivo de hidrataci√≥n facial profunda UFO‚ĄĘ 3 LED Dispositivo LED para una hidrataci√≥n facial profunda UFO‚ĄĘ 3 mini Hidrataci√≥n facial profunda para piel joven UFO‚ĄĘ 3 go Hidrataci√≥n facial profunda sobre la marcha Mascarillas Rejuvenecimiento e hidrataci√≥n Dispositivos UFO‚ĄĘ Todos los dispositivos de hidrataci√≥n facial profunda Cuidado bucal issa‚ĄĘ 4 Cepillo de dientes s√≥nico h√≠brido de silicona issa‚ĄĘ 4 plus Cepillo de dientes s√≥nico h√≠brido de silicona inteligente issa‚ĄĘ 4 smile Cepillo de dientes s√≥nico h√≠brido de silicona issa‚ĄĘ 4 baby Para ni√Īos de 0 a 3 a√Īos Dispositivos ISSA‚ĄĘ Todos los cepillos de dientes s√≥nicos de silicona"
"Facial cleansing LUNA‚ĄĘ 4 Anti-aging massage LUNA‚ĄĘ 4 plus Anti-aging massage, LED heating LUNA‚ĄĘ 4 MEN For men, anti-aging massage LUNA‚ĄĘ 4 mini For young skin, T-zone LUNA‚ĄĘ 4 go For travel or gym bag LUNA‚ĄĘ skincare Premium cleansers & balm LUNA‚ĄĘ devices All facial cleansing devices","Limpieza facial LUNA‚ĄĘ 4 Masaje antiedad LUNA‚ĄĘ 4 Plus Masaje antiedad y calor LED LUNA‚ĄĘ 4 Men Masaje antiedad para hombres LUNA‚ĄĘ 4 mini Zona-T, para piel joven LUNA‚ĄĘ 4 go Para llevar siempre contigo Cuidado de la piel LUNA‚ĄĘ Limpiadores y b√°lsamos faciales premium Dispositivos LUNA‚ĄĘ Todos los dispositivos de limpieza facial"
LUNA‚ĄĘ 4 Anti-aging massage,LUNA‚ĄĘ 4 Masaje antiedad
"LUNA‚ĄĘ 4 plus Anti-aging massage, LED heating",LUNA‚ĄĘ 4 Plus Masaje antiedad y calor LED
"LUNA‚ĄĘ 4 MEN For men, anti-aging massage",LUNA‚ĄĘ 4 Men Masaje antiedad para hombres
"LUNA‚ĄĘ 4 mini For young skin, T-zone","LUNA‚ĄĘ 4 mini Zona-T, para piel joven"
LUNA‚ĄĘ 4 go For travel or gym bag,LUNA‚ĄĘ 4 go Para llevar siempre contigo
LUNA‚ĄĘ skincare Premium cleansers & balm,Cuidado de la piel LUNA‚ĄĘ Limpiadores y b√°lsamos faciales premium
LUNA‚ĄĘ devices All facial cleansing devices,Dispositivos LUNA‚ĄĘ Todos los dispositivos de limpieza facial
Facelift BEAR‚ĄĘ 2 Microcurrent toning device BEAR‚ĄĘ 2 go Microcurrent toning on-the-go BEAR‚ĄĘ 2 eyes & lips Microcurrent line smoothing device Facelift skincare Premium anti-aging skincare BEAR‚ĄĘ devices All premium facelift devices,Lifting facial BEAR‚ĄĘ 2 Tonificador facial de microcorrientes BEAR‚ĄĘ 2 go Tonificaci√≥n con microcorrientes sobre la marcha BEAR‚ĄĘ 2 eyes & lips Dispositivo rejuvenecedor de microcorrientes Lifting facial Cuidado de la piel antiedad Dispositivos BEAR‚ĄĘ Todos los dispositivos de lifting facial premium
BEAR‚ĄĘ 2 Microcurrent toning device,BEAR‚ĄĘ 2 Tonificador facial de microcorrientes
BEAR‚ĄĘ 2 go Microcurrent toning on-the-go,BEAR‚ĄĘ 2 go Tonificaci√≥n con microcorrientes sobre la marcha
BEAR‚ĄĘ 2 eyes & lips Microcurrent line smoothing device,BEAR‚ĄĘ 2 eyes & lips Dispositivo rejuvenecedor de microcorrientes
Facelift skincare Premium anti-aging skincare,Lifting facial Cuidado de la piel antiedad
BEAR‚ĄĘ devices All premium facelift devices,Dispositivos BEAR‚ĄĘ Todos los dispositivos de lifting facial premium
Hydration UFO‚ĄĘ 3 Deep facial hydration device UFO‚ĄĘ 3 LED Near-infrared and red light therapy device UFO‚ĄĘ 3 mini Red light therapy device for young skin UFO‚ĄĘ 3 go Portable red light therapy Masks Rejuvenation & hydration UFO‚ĄĘ devices All deep facial hydration devices,Hidrataci√≥n UFO‚ĄĘ 3 Dispositivo de hidrataci√≥n facial profunda UFO‚ĄĘ 3 LED Dispositivo LED para una hidrataci√≥n facial profunda UFO‚ĄĘ 3 mini Hidrataci√≥n facial profunda para piel joven UFO‚ĄĘ 3 go Hidrataci√≥n facial profunda sobre la marcha Mascarillas Rejuvenecimiento e hidrataci√≥n Dispositivos UFO‚ĄĘ Todos los dispositivos de hidrataci√≥n facial profunda
UFO‚ĄĘ 3 Deep facial hydration device,UFO‚ĄĘ 3 Dispositivo de hidrataci√≥n facial profunda
UFO‚ĄĘ 3 LED Near-infrared and red light therapy device,UFO‚ĄĘ 3 LED Dispositivo LED para una hidrataci√≥n facial profunda
UFO‚ĄĘ 3 mini Red light therapy device for young skin,UFO‚ĄĘ 3 mini Hidrataci√≥n facial profunda para piel joven
UFO‚ĄĘ 3 go Portable red light therapy,UFO‚ĄĘ 3 go Hidrataci√≥n facial profunda sobre la marcha
Masks Rejuvenation & hydration,Mascarillas Rejuvenecimiento e hidrataci√≥n
UFO‚ĄĘ devices All deep facial hydration devices,Dispositivos UFO‚ĄĘ Todos los dispositivos de hidrataci√≥n facial profunda
Oral care issa‚ĄĘ 4 Hybrid silicone sonic toothbrush issa‚ĄĘ 4 plus Smart hybrid silicone sonic toothbrush issa‚ĄĘ 4 smile Hybrid silicone sonic toothbrush issa‚ĄĘ 4 baby For ages 0-3 ISSA‚ĄĘ devices All silicone sonic toothbrushes,Cuidado bucal issa‚ĄĘ 4 Cepillo de dientes s√≥nico h√≠brido de silicona issa‚ĄĘ 4 plus Cepillo de dientes s√≥nico h√≠brido de silicona inteligente issa‚ĄĘ 4 smile Cepillo de dientes s√≥nico h√≠brido de silicona issa‚ĄĘ 4 baby Para ni√Īos de 0 a 3 a√Īos Dispositivos ISSA‚ĄĘ Todos los cepillos de dientes s√≥nicos de silicona
issa‚ĄĘ 4 Hybrid silicone sonic toothbrush,issa‚ĄĘ 4 Cepillo de dientes s√≥nico h√≠brido de silicona
issa‚ĄĘ 4 plus Smart hybrid silicone sonic toothbrush,issa‚ĄĘ 4 plus Cepillo de dientes s√≥nico h√≠brido de silicona inteligente
issa‚ĄĘ 4 smile Hybrid silicone sonic toothbrush,issa‚ĄĘ 4 smile Cepillo de dientes s√≥nico h√≠brido de silicona
issa‚ĄĘ 4 baby For ages 0-3,issa‚ĄĘ 4 baby Para ni√Īos de 0 a 3 a√Īos
ISSA‚ĄĘ devices All silicone sonic toothbrushes,Dispositivos ISSA‚ĄĘ Todos los cepillos de dientes s√≥nicos de silicona
FAQ‚ĄĘ anti-aging treatments Anti-aging FAQ‚ĄĘ 101 Clinical anti-aging FAQ‚ĄĘ 102 Advanced clinical anti-aging FAQ‚ĄĘ 103 Luxurious clinical anti-aging set FAQ‚ĄĘ P1 Primer Manuka honey primer FAQ‚ĄĘ skincare All FAQ‚ĄĘ skincare FAQ‚ĄĘ products All anti-aging treatments LED treatments NEW FAQ‚ĄĘ Dual LED Panel For anti-aging & blemishes FAQ‚ĄĘ LED Panel For anti-aging & blemishes FAQ‚ĄĘ 201 Anti-aging LED mask FAQ‚ĄĘ 202 Advanced anti-aging LED mask FAQ‚ĄĘ 211 Anti-aging neck & d√©collet√© LED mask FAQ‚ĄĘ 221 Anti-aging LED hand mask FAQ‚ĄĘ skincare All FAQ‚ĄĘ skincare FAQ‚ĄĘ products All LED treatments Hair regrowth FAQ‚ĄĘ 301 LED hair strengthening scalp massager FAQ‚ĄĘ Scalp Serum Scalp recovery probiotic serum FAQ‚ĄĘ skincare All FAQ‚ĄĘ skincare FAQ‚ĄĘ products All hair treatments Face & body toning NEW FAQ‚ĄĘ 401 Dual microcurrent LED FAQ‚ĄĘ 402 Dual microcurrent NIR + red LED FAQ‚ĄĘ 411 Body microcurrent red LED FAQ‚ĄĘ Body Sculpt Serum Conductive body serum FAQ‚ĄĘ skincare All FAQ‚ĄĘ skincare FAQ‚ĄĘ products All toning treatments Skin rejuvenation NEW FAQ‚ĄĘ 501 Full-Spectrum Red Light Therapy FAQ‚ĄĘ 502 Full-Spectrum Red Light Therapy FAQ‚ĄĘ Red Light Serum FAQ‚ĄĘ skincare All FAQ‚ĄĘ skincare FAQ‚ĄĘ products All toning treatments,Tratamiento antiedad FAQ‚ĄĘ Antiedad FAQ‚ĄĘ 101 Antiedad de nivel cl√≠nico FAQ‚ĄĘ 102 Antiedad avanzada de nivel cl√≠nico FAQ‚ĄĘ 103 Exclusivo set antiedad de nivel cl√≠nico FAQ‚ĄĘ P1 Primer Base de miel de manuka FAQ‚ĄĘ Cuidado de la piel FAQ‚ĄĘ cuidado de la piel FAQ‚ĄĘ productos Tratamientos antiedad Tratamientos LED NUEVO FAQ‚ĄĘ Dual LED Panel Tratamiento anti-edad y anti-imperfecciones FAQ‚ĄĘ LED Panel Tratamiento anti-edad y anti-imperfecciones FAQ‚ĄĘ 201 Mascarilla LED antiedad FAQ‚ĄĘ 202 Mascarilla LED antiedad avanzada FAQ‚ĄĘ 211 Anti-aging neck & d√©collet√© LED mask FAQ‚ĄĘ 221 Anti-aging LED hand mask FAQ‚ĄĘ Cuidado de la piel FAQ‚ĄĘ cuidado de la piel FAQ‚ĄĘ productos Tratamientos LED Crecimiento del cabello FAQ‚ĄĘ 301 Masajeador para fortalecer el cabello FAQ‚ĄĘ Scalp Serum S√©rum para cabello y cuero cabelludo FAQ‚ĄĘ Cuidado de la piel FAQ‚ĄĘ cuidado de la piel FAQ‚ĄĘ productos Todos los tratamientos capilares Tonificaci√≥n LED NUEVO FAQ‚ĄĘ 401 Microcorrientes duales LED FAQ‚ĄĘ 402 Microcorrientes duales + NIR y LED rojo FAQ‚ĄĘ 411 Microcorrientes para cuerpo + LED rojo FAQ‚ĄĘ Body Sculpt Serum S√©rum conductor para cuerpo FAQ‚ĄĘ Cuidado de la piel Todo cuidado de la piel FAQ‚ĄĘ FAQ‚ĄĘ productos Todos los tratamientos tonificantes Rejuvenecimiento cut√°neo NUEVO FAQ‚ĄĘ 501 Terapia de luz roja de espectro completo FAQ‚ĄĘ 502 Terapia de Luz Roja de Espectro Completo FAQ‚ĄĘ Red Light Serum FAQ‚ĄĘ skincare All FAQ‚ĄĘ skincare FAQ‚ĄĘ products All toning treatments
Anti-aging FAQ‚ĄĘ 101 Clinical anti-aging FAQ‚ĄĘ 102 Advanced clinical anti-aging FAQ‚ĄĘ 103 Luxurious clinical anti-aging set FAQ‚ĄĘ P1 Primer Manuka honey primer FAQ‚ĄĘ skincare All FAQ‚ĄĘ skincare FAQ‚ĄĘ products All anti-aging treatments,Antiedad FAQ‚ĄĘ 101 Antiedad de nivel cl√≠nico FAQ‚ĄĘ 102 Antiedad avanzada de nivel cl√≠nico FAQ‚ĄĘ 103 Exclusivo set antiedad de nivel cl√≠nico FAQ‚ĄĘ P1 Primer Base de miel de manuka FAQ‚ĄĘ Cuidado de la piel FAQ‚ĄĘ cuidado de la piel FAQ‚ĄĘ productos Tratamientos antiedad
FAQ‚ĄĘ 101 Clinical anti-aging,FAQ‚ĄĘ 101 Antiedad de nivel cl√≠nico
FAQ‚ĄĘ 102 Advanced clinical anti-aging,FAQ‚ĄĘ 102 Antiedad avanzada de nivel cl√≠nico
FAQ‚ĄĘ 103 Luxurious clinical anti-aging set,FAQ‚ĄĘ 103 Exclusivo set antiedad de nivel cl√≠nico
FAQ‚ĄĘ P1 Primer Manuka honey primer,FAQ‚ĄĘ P1 Primer Base de miel de manuka
FAQ‚ĄĘ skincare All FAQ‚ĄĘ skincare,FAQ‚ĄĘ Cuidado de la piel FAQ‚ĄĘ cuidado de la piel
FAQ‚ĄĘ products All anti-aging treatments,FAQ‚ĄĘ productos Tratamientos antiedad
LED treatments NEW FAQ‚ĄĘ Dual LED Panel For anti-aging & blemishes FAQ‚ĄĘ LED Panel For anti-aging & blemishes FAQ‚ĄĘ 201 Anti-aging LED mask FAQ‚ĄĘ 202 Advanced anti-aging LED mask FAQ‚ĄĘ 211 Anti-aging neck & d√©collet√© LED mask FAQ‚ĄĘ 221 Anti-aging LED hand mask FAQ‚ĄĘ skincare All FAQ‚ĄĘ skincare FAQ‚ĄĘ products All LED treatments,Tratamientos LED NUEVO FAQ‚ĄĘ Dual LED Panel Tratamiento anti-edad y anti-imperfecciones FAQ‚ĄĘ LED Panel Tratamiento anti-edad y anti-imperfecciones FAQ‚ĄĘ 201 Mascarilla LED antiedad FAQ‚ĄĘ 202 Mascarilla LED antiedad avanzada FAQ‚ĄĘ 211 Anti-aging neck & d√©collet√© LED mask FAQ‚ĄĘ 221 Anti-aging LED hand mask FAQ‚ĄĘ Cuidado de la piel FAQ‚ĄĘ cuidado de la piel FAQ‚ĄĘ productos Tratamientos LED
FAQ‚ĄĘ Dual LED Panel For anti-aging & blemishes,FAQ‚ĄĘ Dual LED Panel Tratamiento anti-edad y anti-imperfecciones
FAQ‚ĄĘ LED Panel For anti-aging & blemishes,FAQ‚ĄĘ LED Panel Tratamiento anti-edad y anti-imperfecciones
FAQ‚ĄĘ 201 Anti-aging LED mask,FAQ‚ĄĘ 201 Mascarilla LED antiedad
FAQ‚ĄĘ 202 Advanced anti-aging LED mask,FAQ‚ĄĘ 202 Mascarilla LED antiedad avanzada
FAQ‚ĄĘ 211 Anti-aging neck & d√©collet√© LED mask,FAQ‚ĄĘ 211 Anti-aging neck & d√©collet√© LED mask
FAQ‚ĄĘ 221 Anti-aging LED hand mask,FAQ‚ĄĘ 221 Anti-aging LED hand mask
FAQ‚ĄĘ skincare All FAQ‚ĄĘ skincare,FAQ‚ĄĘ Cuidado de la piel FAQ‚ĄĘ cuidado de la piel
FAQ‚ĄĘ products All LED treatments,FAQ‚ĄĘ productos Tratamientos LED
Hair regrowth FAQ‚ĄĘ 301 LED hair strengthening scalp massager FAQ‚ĄĘ Scalp Serum Scalp recovery probiotic serum FAQ‚ĄĘ skincare All FAQ‚ĄĘ skincare FAQ‚ĄĘ products All hair treatments,Crecimiento del cabello FAQ‚ĄĘ 301 Masajeador para fortalecer el cabello FAQ‚ĄĘ Scalp Serum S√©rum para cabello y cuero cabelludo FAQ‚ĄĘ Cuidado de la piel FAQ‚ĄĘ cuidado de la piel FAQ‚ĄĘ productos Todos los tratamientos capilares
FAQ‚ĄĘ 301 LED hair strengthening scalp massager,FAQ‚ĄĘ 301 Masajeador para fortalecer el cabello
FAQ‚ĄĘ Scalp Serum Scalp recovery probiotic serum,FAQ‚ĄĘ Scalp Serum S√©rum para cabello y cuero cabelludo
FAQ‚ĄĘ skincare All FAQ‚ĄĘ skincare,FAQ‚ĄĘ Cuidado de la piel FAQ‚ĄĘ cuidado de la piel
FAQ‚ĄĘ products All hair treatments,FAQ‚ĄĘ productos Todos los tratamientos capilares
Face & body toning NEW FAQ‚ĄĘ 401 Dual microcurrent LED FAQ‚ĄĘ 402 Dual microcurrent NIR + red LED FAQ‚ĄĘ 411 Body microcurrent red LED FAQ‚ĄĘ Body Sculpt Serum Conductive body serum FAQ‚ĄĘ skincare All FAQ‚ĄĘ skincare FAQ‚ĄĘ products All toning treatments,Tonificaci√≥n LED NUEVO FAQ‚ĄĘ 401 Microcorrientes duales LED FAQ‚ĄĘ 402 Microcorrientes duales + NIR y LED rojo FAQ‚ĄĘ 411 Microcorrientes para cuerpo + LED rojo FAQ‚ĄĘ Body Sculpt Serum S√©rum conductor para cuerpo FAQ‚ĄĘ Cuidado de la piel Todo cuidado de la piel FAQ‚ĄĘ FAQ‚ĄĘ productos Todos los tratamientos tonificantes
FAQ‚ĄĘ 401 Dual microcurrent LED,FAQ‚ĄĘ 401 Microcorrientes duales LED
FAQ‚ĄĘ 402 Dual microcurrent NIR + red LED,FAQ‚ĄĘ 402 Microcorrientes duales + NIR y LED rojo
FAQ‚ĄĘ 411 Body microcurrent red LED,FAQ‚ĄĘ 411 Microcorrientes para cuerpo + LED rojo
FAQ‚ĄĘ Body Sculpt Serum Conductive body serum,FAQ‚ĄĘ Body Sculpt Serum S√©rum conductor para cuerpo
FAQ‚ĄĘ skincare All FAQ‚ĄĘ skincare,FAQ‚ĄĘ Cuidado de la piel Todo cuidado de la piel FAQ‚ĄĘ
FAQ‚ĄĘ products All toning treatments,FAQ‚ĄĘ productos Todos los tratamientos tonificantes
Skin rejuvenation NEW FAQ‚ĄĘ 501 Full-Spectrum Red Light Therapy FAQ‚ĄĘ 502 Full-Spectrum Red Light Therapy FAQ‚ĄĘ Red Light Serum FAQ‚ĄĘ skincare All FAQ‚ĄĘ skincare FAQ‚ĄĘ products All toning treatments,Rejuvenecimiento cut√°neo NUEVO FAQ‚ĄĘ 501 Terapia de luz roja de espectro completo FAQ‚ĄĘ 502 Terapia de Luz Roja de Espectro Completo FAQ‚ĄĘ Red Light Serum FAQ‚ĄĘ skincare All FAQ‚ĄĘ skincare FAQ‚ĄĘ products All toning treatments
FAQ‚ĄĘ 501 Full-Spectrum Red Light Therapy,FAQ‚ĄĘ 501 Terapia de luz roja de espectro completo
FAQ‚ĄĘ 502 Full-Spectrum Red Light Therapy,FAQ‚ĄĘ 502 Terapia de Luz Roja de Espectro Completo
FAQ‚ĄĘ Red Light Serum,FAQ‚ĄĘ Red Light Serum
FAQ‚ĄĘ skincare All FAQ‚ĄĘ skincare,FAQ‚ĄĘ skincare All FAQ‚ĄĘ skincare
FAQ‚ĄĘ products All toning treatments,FAQ‚ĄĘ products All toning treatments
Specialized treatments Hair removal NEW PEACH‚ĄĘ 2 Pro Max Professional IPL hair removal device PEACH‚ĄĘ 2 IPL hair removal PEACH‚ĄĘ 2 go Travel-friendly IPL hair removal PEACH‚ĄĘ Cooling Prep Gel Cooling IPL hair removal gel Body care BEAR‚ĄĘ 2 body Microcurrent body toning LUNA‚ĄĘ 4 body Massaging body brush SUPERCHARGED‚ĄĘ serum Firming body serum Acne ESPADA‚ĄĘ 2 plus Recurring acne LED therapy ESPADA‚ĄĘ 2 Acne treatment device ESPADA‚ĄĘ Blemish Solution Concentrated acne gel ESPADA‚ĄĘ devices All acne treatment devices Eye care BEAR‚ĄĘ 2 eyes & lips Microcurrent line smoothing device IRIS‚ĄĘ 2 Rejuvenating eye massager Eye skincare Advanced eye care treatment Eye care devices All revitalizing eye massagers Pore care KIWI‚ĄĘ derma Diamond microdermabrasion KIWI‚ĄĘ Blackhead remover KIWI‚ĄĘ skincare Advanced pore care essentials Hair care LUNA‚ĄĘ 4 hair 2-in-1 LED scalp massager LUNA‚ĄĘ Dual-Peptide Scalp Serum For healthy hair,TRATAMIENTOS ESPECIALIZADOS Depilaci√≥n NUEVO PEACH‚ĄĘ 2 Pro Max Depilaci√≥n IPL de nivel profesional PEACH‚ĄĘ 2 Depilaci√≥n IPL Luz Pulsada Intensa PEACH‚ĄĘ 2 go Depilaci√≥n IPL de tama√Īo compacto PEACH‚ĄĘ Cooling Prep Gel Gel depilatorio IPL refrescante Cuidado corporal BEAR‚ĄĘ 2 body Microcurrent body toning LUNA‚ĄĘ 4 body Cepillo de masaje corporal SUPERCHARGED‚ĄĘ s√©rum S√©rum corporal reafirmante Tratamiento contra el acn√© ESPADA‚ĄĘ 2 plus Terapia LED para eliminar el acn√© recurrente ESPADA‚ĄĘ 2 Dispositivo para el tratamiento del acn√© ESPADA‚ĄĘ Blemish Solution Gel concentrado antiacn√© Dispositivos ESPADA‚ĄĘ Todos los dispositivos para el tratamiento del acn√© Cuidado de tus ojos BEAR‚ĄĘ 2 eyes & lips Dispositivo rejuvenecedor de microcorrientes IRIS‚ĄĘ 2 Masajeador de ojos rejuvenecedor Cuidado para los ojos Tratamiento para el cuidado de los ojos Dispositivos para los ojos Todos los masajeadores de ojos revitalizantes Cuidado de los poros KIWI‚ĄĘ derma Microdermoabrasi√≥n con diamantes KIWI‚ĄĘ Aspirador de poros Cuidado de la piel KIWI‚ĄĘ Esenciales para el cuidado avanzado de los poros Cuidado del cabello LUNA‚ĄĘ 4 hair Masajeador LED de cuero cabelludo LUNA‚ĄĘ Dual-Peptide Scalp Serum Para un cabello saludable
Hair removal NEW PEACH‚ĄĘ 2 Pro Max Professional IPL hair removal device PEACH‚ĄĘ 2 IPL hair removal PEACH‚ĄĘ 2 go Travel-friendly IPL hair removal PEACH‚ĄĘ Cooling Prep Gel Cooling IPL hair removal gel,Depilaci√≥n NUEVO PEACH‚ĄĘ 2 Pro Max Depilaci√≥n IPL de nivel profesional PEACH‚ĄĘ 2 Depilaci√≥n IPL Luz Pulsada Intensa PEACH‚ĄĘ 2 go Depilaci√≥n IPL de tama√Īo compacto PEACH‚ĄĘ Cooling Prep Gel Gel depilatorio IPL refrescante
PEACH‚ĄĘ 2 Pro Max Professional IPL hair removal device,PEACH‚ĄĘ 2 Pro Max Depilaci√≥n IPL de nivel profesional
PEACH‚ĄĘ 2 IPL hair removal,PEACH‚ĄĘ 2 Depilaci√≥n IPL Luz Pulsada Intensa
PEACH‚ĄĘ 2 go Travel-friendly IPL hair removal,PEACH‚ĄĘ 2 go Depilaci√≥n IPL de tama√Īo compacto
PEACH‚ĄĘ Cooling Prep Gel Cooling IPL hair removal gel,PEACH‚ĄĘ Cooling Prep Gel Gel depilatorio IPL refrescante
Body care BEAR‚ĄĘ 2 body Microcurrent body toning LUNA‚ĄĘ 4 body Massaging body brush SUPERCHARGED‚ĄĘ serum Firming body serum,Cuidado corporal BEAR‚ĄĘ 2 body Microcurrent body toning LUNA‚ĄĘ 4 body Cepillo de masaje corporal SUPERCHARGED‚ĄĘ s√©rum S√©rum corporal reafirmante
BEAR‚ĄĘ 2 body Microcurrent body toning,BEAR‚ĄĘ 2 body Microcurrent body toning
LUNA‚ĄĘ 4 body Massaging body brush,LUNA‚ĄĘ 4 body Cepillo de masaje corporal
SUPERCHARGED‚ĄĘ serum Firming body serum,SUPERCHARGED‚ĄĘ s√©rum S√©rum corporal reafirmante
Acne ESPADA‚ĄĘ 2 plus Recurring acne LED therapy ESPADA‚ĄĘ 2 Acne treatment device ESPADA‚ĄĘ Blemish Solution Concentrated acne gel ESPADA‚ĄĘ devices All acne treatment devices,Tratamiento contra el acn√© ESPADA‚ĄĘ 2 plus Terapia LED para eliminar el acn√© recurrente ESPADA‚ĄĘ 2 Dispositivo para el tratamiento del acn√© ESPADA‚ĄĘ Blemish Solution Gel concentrado antiacn√© Dispositivos ESPADA‚ĄĘ Todos los dispositivos para el tratamiento del acn√©
ESPADA‚ĄĘ 2 plus Recurring acne LED therapy,ESPADA‚ĄĘ 2 plus Terapia LED para eliminar el acn√© recurrente
ESPADA‚ĄĘ 2 Acne treatment device,ESPADA‚ĄĘ 2 Dispositivo para el tratamiento del acn√©
ESPADA‚ĄĘ Blemish Solution Concentrated acne gel,ESPADA‚ĄĘ Blemish Solution Gel concentrado antiacn√©
ESPADA‚ĄĘ devices All acne treatment devices,Dispositivos ESPADA‚ĄĘ Todos los dispositivos para el tratamiento del acn√©
Eye care BEAR‚ĄĘ 2 eyes & lips Microcurrent line smoothing device IRIS‚ĄĘ 2 Rejuvenating eye massager Eye skincare Advanced eye care treatment Eye care devices All revitalizing eye massagers,Cuidado de tus ojos BEAR‚ĄĘ 2 eyes & lips Dispositivo rejuvenecedor de microcorrientes IRIS‚ĄĘ 2 Masajeador de ojos rejuvenecedor Cuidado para los ojos Tratamiento para el cuidado de los ojos Dispositivos para los ojos Todos los masajeadores de ojos revitalizantes
BEAR‚ĄĘ 2 eyes & lips Microcurrent line smoothing device,BEAR‚ĄĘ 2 eyes & lips Dispositivo rejuvenecedor de microcorrientes
IRIS‚ĄĘ 2 Rejuvenating eye massager,IRIS‚ĄĘ 2 Masajeador de ojos rejuvenecedor
Eye skincare Advanced eye care treatment,Cuidado para los ojos Tratamiento para el cuidado de los ojos
Eye care devices All revitalizing eye massagers,Dispositivos para los ojos Todos los masajeadores de ojos revitalizantes
Pore care KIWI‚ĄĘ derma Diamond microdermabrasion KIWI‚ĄĘ Blackhead remover KIWI‚ĄĘ skincare Advanced pore care essentials,Cuidado de los poros KIWI‚ĄĘ derma Microdermoabrasi√≥n con diamantes KIWI‚ĄĘ Aspirador de poros Cuidado de la piel KIWI‚ĄĘ Esenciales para el cuidado avanzado de los poros
KIWI‚ĄĘ derma Diamond microdermabrasion,KIWI‚ĄĘ derma Microdermoabrasi√≥n con diamantes
KIWI‚ĄĘ Blackhead remover,KIWI‚ĄĘ Aspirador de poros
KIWI‚ĄĘ skincare Advanced pore care essentials,Cuidado de la piel KIWI‚ĄĘ Esenciales para el cuidado avanzado de los poros
Hair care LUNA‚ĄĘ 4 hair 2-in-1 LED scalp massager LUNA‚ĄĘ Dual-Peptide Scalp Serum For healthy hair,Cuidado del cabello LUNA‚ĄĘ 4 hair Masajeador LED de cuero cabelludo LUNA‚ĄĘ Dual-Peptide Scalp Serum Para un cabello saludable
LUNA‚ĄĘ 4 hair 2-in-1 LED scalp massager,LUNA‚ĄĘ 4 hair Masajeador LED de cuero cabelludo
LUNA‚ĄĘ Dual-Peptide Scalp Serum For healthy hair,LUNA‚ĄĘ Dual-Peptide Scalp Serum Para un cabello saludable
More Skincare Men Shop all,M√ĀS Cosm√©ticos Hombres Comprar todo
Skincare,Cosm√©ticos
Men,Hombres
Shop all,Comprar todo
FOREO App,FOREO APP
About About The story of FOREO FOREO partnerships MYSA: Beauty & Wellbeing Journal Find your ideal FOREO device! Technologies behind Benefits Clinical Results & Expert Reviews Contact us,ACERCA DE ACERCA DE La historia de FOREO Colaboraciones de FOREO MYSA: blog de belleza y bienestar ¬°Encuentra tu dispositivo FOREO ideal! Tecnolog√≠as y resultados Resultados cl√≠nicos y opiniones de expertos Contacta con nosotros
About,ACERCA DE
The story of FOREO,La historia de FOREO
FOREO partnerships,Colaboraciones de FOREO
MYSA: Beauty & Wellbeing Journal,MYSA: blog de belleza y bienestar
Find your ideal FOREO device!,¬°Encuentra tu dispositivo FOREO ideal!
Technologies behind Benefits,Tecnolog√≠as y resultados
Clinical Results & Expert Reviews,Resultados cl√≠nicos y opiniones de expertos
Contact us,Contacta con nosotros
Language,Idioma
Shipping country,Pa√≠s de env√≠o
United States Delivery estimate: 16.10.2025.,Estados Unidos Entrega prevista 16/10/25
United Kingdom Delivery estimate: 15.10.2025.,Reino Unido Entrega prevista 15/10/25
Spain Delivery estimate: 15.10.2025.,Espa√Īa Entrega prevista 15/10/25
Australia Delivery estimate: 18.10.2025.,Australia Entrega prevista 18/10/25
France Delivery estimate: 15.10.2025.,Francia Entrega prevista 15/10/25
Germany Delivery estimate: 15.10.2025.,Alemania Entrega prevista 15/10/25
Canada Delivery estimate: 19.10.2025.,Canad√° Entrega prevista 19/10/25
Australia Delivery estimate: 18.10.2025.,Australia Entrega prevista 18/10/25
Austria Delivery estimate: 15.10.2025.,Austria Entrega prevista 15/10/25
Bahrain Delivery estimate: 16.10.2025.,Bar√©in Entrega prevista 16/10/25
Belgium Delivery estimate: 15.10.2025.,B√©lgica Entrega prevista 15/10/25
Bermuda Delivery estimate: 21.10.2025.,Bermudas Entrega prevista 21/10/25
Bosnia & Herzegovina Delivery estimate: 18.10.2025.,Bosnia y Herzegovina Entrega prevista 18/10/25
Brunei Delivery estimate: 20.10.2025.,Brun√©i Entrega prevista 20/10/25
Bulgaria Delivery estimate: 15.10.2025.,Bulgaria Entrega prevista 15/10/25
Canada Delivery estimate: 19.10.2025.,Canad√° Entrega prevista 19/10/25
Chile Delivery estimate: 19.10.2025.,Chile Entrega prevista 19/10/25
China Delivery estimate: 15.10.2025.,China Entrega prevista 15/10/25
Colombia Delivery estimate: 19.10.2025.,Colombia Entrega prevista 19/10/25
Croatia Delivery estimate: 15.10.2025.,Croacia Entrega prevista 15/10/25
Cyprus Delivery estimate: 16.10.2025.,Chipre Entrega prevista 16/10/25
Czechia Delivery estimate: 15.10.2025.,Chequia Entrega prevista 15/10/25
Denmark Delivery estimate: 15.10.2025.,Dinamarca Entrega prevista 15/10/25
Estonia Delivery estimate: 15.10.2025.,Estonia Entrega prevista 15/10/25
Finland Delivery estimate: 15.10.2025.,Finlandia Entrega prevista 15/10/25
France Delivery estimate: 15.10.2025.,Francia Entrega prevista 15/10/25
French Polynesia Delivery estimate: 19.10.2025.,Polinesia Francesa Entrega prevista 19/10/25
Germany Delivery estimate: 15.10.2025.,Alemania Entrega prevista 15/10/25
Gibraltar Delivery estimate: 19.10.2025.,Gibraltar Entrega prevista 19/10/25
Greece Delivery estimate: 15.10.2025.,Grecia Entrega prevista 15/10/25
Hong Kong SAR China Delivery estimate: 16.10.2025.,RAE de Hong Kong (China) Entrega prevista 16/10/25
Hungary Delivery estimate: 15.10.2025.,Hungr√≠a Entrega prevista 15/10/25
Iceland Delivery estimate: 16.10.2025.,Islandia Entrega prevista 16/10/25
Ireland Delivery estimate: 15.10.2025.,Irlanda Entrega prevista 15/10/25
Isle of Man Delivery estimate: 17.10.2025.,Isla de Man Entrega prevista 17/10/25
Israel Delivery estimate: 19.10.2025.,Israel Entrega prevista 19/10/25
Italy Delivery estimate: 15.10.2025.,Italia Entrega prevista 15/10/25
Japan Delivery estimate: 18.10.2025.,Jap√≥n Entrega prevista 18/10/25
Jersey Delivery estimate: 20.10.2025.,Jersey Entrega prevista 20/10/25
Kazakhstan Delivery estimate: 17.10.2025.,Kazajist√°n Entrega prevista 17/10/25
Kuwait Delivery estimate: 15.10.2025.,Kuwait Entrega prevista 15/10/25
Latvia Delivery estimate: 15.10.2025.,Letonia Entrega prevista 15/10/25
Lebanon Delivery estimate: 16.10.2025.,L√≠bano Entrega prevista 16/10/25
Lithuania Delivery estimate: 15.10.2025.,Lituania Entrega prevista 15/10/25
Luxembourg Delivery estimate: 15.10.2025.,Luxemburgo Entrega prevista 15/10/25
Macao SAR China Delivery estimate: 17.10.2025.,RAE de Macao (China) Entrega prevista 17/10/25
Malaysia Delivery estimate: 18.10.2025.,Malasia Entrega prevista 18/10/25
Malta Delivery estimate: 15.10.2025.,Malta Entrega prevista 15/10/25
Mexico Delivery estimate: 19.10.2025.,M√©xico Entrega prevista 19/10/25
Monaco Delivery estimate: 16.10.2025.,M√≥naco Entrega prevista 16/10/25
Netherlands Delivery estimate: 15.10.2025.,Pa√≠ses Bajos Entrega prevista 15/10/25
New Zealand Delivery estimate: 15.10.2025.,Nueva Zelanda Entrega prevista 15/10/25
Norway Delivery estimate: 15.10.2025.,Noruega Entrega prevista 15/10/25
Oman Delivery estimate: 18.10.2025.,Om√°n Entrega prevista 18/10/25
Peru Delivery estimate: 19.10.2025.,Per√ļ Entrega prevista 19/10/25
Philippines Delivery estimate: 18.10.2025.,Filipinas Entrega prevista 18/10/25
Poland Delivery estimate: 16.10.2025.,Polonia Entrega prevista 16/10/25
Portugal Delivery estimate: 15.10.2025.,Portugal Entrega prevista 15/10/25
Puerto Rico Delivery estimate: 17.10.2025.,Puerto Rico Entrega prevista 17/10/25
Qatar Delivery estimate: 16.10.2025.,Catar Entrega prevista 16/10/25
R√©union Delivery estimate: 20.10.2025.,Reuni√≥n Entrega prevista 20/10/25
Romania Delivery estimate: 15.10.2025.,Ruman√≠a Entrega prevista 15/10/25
Russia Delivery estimate: 23.10.2025.,Rusia Entrega prevista 23/10/25
Saudi Arabia Delivery estimate: 16.10.2025.,Arabia Saud√≠ Entrega prevista 16/10/25
Singapore Delivery estimate: 17.10.2025.,Singapur Entrega prevista 17/10/25
Slovakia Delivery estimate: 15.10.2025.,Eslovaquia Entrega prevista 15/10/25
Slovenia Delivery estimate: 15.10.2025.,Eslovenia Entrega prevista 15/10/25
South Africa Delivery estimate: 23.10.2025.,Sud√°frica Entrega prevista 23/10/25
South Korea Delivery estimate: 17.10.2025.,Corea del Sur Entrega prevista 17/10/25
Spain Delivery estimate: 15.10.2025.,Espa√Īa Entrega prevista 15/10/25
Sweden Delivery estimate: 15.10.2025.,Suecia Entrega prevista 15/10/25
Switzerland Delivery estimate: 15.10.2025.,Suiza Entrega prevista 15/10/25
Taiwan Delivery estimate: 20.10.2025.,Taiw√°n Entrega prevista 20/10/25
Thailand Delivery estimate: 19.10.2025.,Tailandia Entrega prevista 19/10/25
T√ľrkiye Delivery estimate: 16.10.2025.,Turqu√≠a Entrega prevista 16/10/25
United Arab Emirates Delivery estimate: 16.10.2025.,Emiratos √Ārabes Unidos Entrega prevista 16/10/25
United Kingdom Delivery estimate: 15.10.2025.,Reino Unido Entrega prevista 15/10/25
United States Delivery estimate: 16.10.2025.,Estados Unidos Entrega prevista 16/10/25
Uzbekistan Delivery estimate: 20.10.2025.,Uzbekist√°n Entrega prevista 20/10/25
Vietnam Delivery estimate: 21.10.2025.,Vietnam Entrega prevista 21/10/25
Love beauty innovation?,Consigue ofertas exclusivas
Subscribe and get 10% off your first order!,Suscr√≠bete y consigue un 10% de descuento en tu primer pedido.
"By subscribing, I agree to receive marketing communications from FOREO. I understand that I can unsubscribe at any time.",Acepto recibir comunicaciones comerciales de FOREO y entiendo que puedo darme de baja en cualquier momento.
This site is protected by reCAPTCHA and the Google Privacy Policy and Terms of Service apply.,Este sitio est√° protegido por reCAPTCHA y se aplica la Pol√≠tica de privacidad y las Condiciones del servicio de Google.
Help,Ayuda
Contact us,Cont√°ctanos
Orders & Shipping,Pedidos y env√≠os
Warranty & Returns,Garant√≠a y devoluciones
Frequently asked questions,Preguntas frecuentes
Follow us,S√≠guenos
Instagram,Instagram
Facebook,Facebook
X,X
YouTube,YouTube
LinkedIn,LinkedIn
Pinterest,Pinterest
TikTok,TikTok
My account,Mi cuenta
Product registration,Registro de productos
Support,Ayuda
Company,Empresa
About,Sobre FOREO
Affiliate program,Afiliados
AI & Affiliate News,Noticias de afiliados
Become a partner,Asociados
Terms of use,T√©rminos y condiciones
Privacy policy,Aviso de privacidad
100% secure payment,Pago 100% seguro
Reviews by Bazaarvoice,Rese√Īas de Bazaarvoice
¬© 2025 FOREO All rights reserved,¬© 2025 FOREO Todos los derechos reservados
100% secure payment,Pago 100% seguro
Reviews by Bazaarvoice,Rese√Īas de Bazaarvoice
¬© 2025 FOREO All rights reserved,¬© 2025 FOREO Todos los derechos reservados
"Oh, your cart is empty.","Oh, tu cesta est√° vac√≠a."
Explore our exciting products.,Descubre nuestros incre√≠bles productos..
Facial cleansing,Limpieza facial
Facelift,Lifting facial
Hydration,Hidrataci√≥n
Oral care,Cuidado bucal
