english,endpoint
This website uses cookies,peach-2-pro-max
"We use cookies to personalise content and ads, to provide social media features and to analyse our traffic. We also share information about your use of our site with our social media, advertising and analytics partners who may combine it with other information that you’ve provided to them or that they’ve collected from your use of their services. By clicking ""ALLOW ALL COOKIES"" you consent to our Cookie Policy and Privacy Policy .",peach-2-pro-max
Necessary,peach-2-pro-max
Preferences,peach-2-pro-max
Statistics,peach-2-pro-max
Marketing,peach-2-pro-max
Removes 90% of hair in 4 uses,peach-2-pro-max
The world's leading IPL hair removal,peach-2-pro-max
"PEACH™ 2 Pro Max is the ultimate at-home solution for clinical-grade hair removal. Its professional-sized treatment window covers more skin, so treatments take less time. With supreme power clinically proven to remove 90% of hair in just 1 month, it’s the leading innovation in at-home hair removal.",peach-2-pro-max
"The advanced cooling system blows air onto the skin for painless sessions, while the protective silicone shield molds to your body, ensuring seamless contact and fewer missed spots for the most precise results possible. Professional. Powerful. Perfect.",peach-2-pro-max
Real results,peach-2-pro-max
Clinical-power IPL technology,peach-2-pro-max
"High-speed flash delivers up to 120 J of extremely powerful energy, targeting the hair follicle and stimulating it into a resting phase so it doesn’t grow back.",peach-2-pro-max
4X larger. 4X faster.,peach-2-pro-max
"With a treatment window 4X larger than competitors, this IPL device covers significantly more skin with each flash, allowing you to complete full-body treatments up to 4X faster.",peach-2-pro-max
360° skin cooling system,peach-2-pro-max
"Open ducts placed strategically around the treatment window blow air onto skin during your treatment, to ensure the most comfortable IPL experience.",peach-2-pro-max
Built-in protective shield,peach-2-pro-max
"Innovative silicone shield protects eyes from intense light pulses, while naturally contouring to the shape of your body - ensuring firm contact for fewer missed spots.",peach-2-pro-max
Intense Pulsed Light,peach-2-pro-max
Ultra-hygienic silicone,peach-2-pro-max
Clinical results,peach-2-pro-max
Reduces hair by 90% in 4 uses .,peach-2-pro-max
Reduces hair by,peach-2-pro-max
90%,peach-2-pro-max
in 4 uses .,peach-2-pro-max
"Significantly reduces hair quantity, length & density even after discontinued use.",peach-2-pro-max
"95% report visible results within 2 weeks, with hair growing back slower and noticeably reduced.",peach-2-pro-max
95%,peach-2-pro-max
"report visible results within 2 weeks, with hair growing back slower and noticeably reduced.",peach-2-pro-max
97% report less ingrown hairs.,peach-2-pro-max
97%,peach-2-pro-max
report less ingrown hairs.,peach-2-pro-max
"Based on 3rd party clinical testing with 37 healthy female and male subjects, over a 6 month period.",peach-2-pro-max
PEACH™ 2 Pro Max,peach-2-pro-max
"Supreme power, ultra-large treatment window, skin cooling system, protective shield, and full body treatments made 4X faster. The new era of IPL is here.",peach-2-pro-max
Extremely powerful with up to a whopping 120 J of power.,peach-2-pro-max
11.5cm² treatment window - 4x larger than other IPL devices on the market.,peach-2-pro-max
Ultra-fast flash speed from 0.7 seconds - delivering 87 flashes per min.,peach-2-pro-max
5 levels of intensity to perfectly match your skin's sensitivity in different areas.,peach-2-pro-max
Innovative silicone shield protects eyes from intense light pulses.,peach-2-pro-max
More settings and treatment guidance via the FOREO app.,peach-2-pro-max
Protective glasses,peach-2-pro-max
Cleaning Cloth,peach-2-pro-max
Power Cable with 4 Plug Adaptors,peach-2-pro-max
Quick Start Guide,peach-2-pro-max
"General Manual (medical manual for US, Canada and Mexico)",peach-2-pro-max
Simple & easy,peach-2-pro-max
STEP 1,peach-2-pro-max
Prep,peach-2-pro-max
"Shave all visible hair from the area you wish to treat. Apply PEACH™ Cooling Gel to skin for an even more intense cooling sensation, making sure to massage it in until fully absorbed.",peach-2-pro-max
STEP 2,peach-2-pro-max
Select intensity,peach-2-pro-max
"Plug in PEACH™ 2 Pro Max. Before first use, you must select your preferred settings via the FOREO app. Then adjust the IPL intensity as desired, by pressing the + and - buttons on the device. Download app",peach-2-pro-max
STEP 3,peach-2-pro-max
Treat,peach-2-pro-max
"Place the treatment window firmly on skin. For large areas, press and hold the flash button while gliding on skin. For small areas, press and immediately release the flash button. See manual for more detailed instructions. See manual",peach-2-pro-max
One-time investment,peach-2-pro-max
2 modes,peach-2-pro-max
2 modes for larger & more precise areas. No detachable heads needed.,peach-2-pro-max
5 intensities,peach-2-pro-max
Allows you to adjust to different skin sensitivities on different areas.,peach-2-pro-max
Safe skin sensor,peach-2-pro-max
Only activates IPL when treatment window is in full contact with skin.,peach-2-pro-max
App connected,peach-2-pro-max
"With how to use guidance, treatment reminders, and more settings.",peach-2-pro-max
For most skin tones & hair types,peach-2-pro-max
"IPL technology focuses on melanin. As a result, it can be ineffective for users with light hair, and unsafe for users with deep skin tones.",peach-2-pro-max
Check the skin tone & hair color charts to ensure IPL works for your skin tone and hair.,peach-2-pro-max
PEACHTM Cooling Prep Gel,peach-2-pro-max
"The perfect way to prep your skin for the most comfortable IPL hair removal treatments. Developed specifically for use with FOREO’s PEACH™ devices, this lightweight gel-to-serum formula cools and calms skin during your treatment, while enabling your PEACH™ device to glide effortlessly over skin.",peach-2-pro-max
YOU MAY ALSO LIKE,peach-2-pro-max
LUNA™ 4 body,peach-2-pro-max
BEAR™ 2 body,peach-2-pro-max
BEAR™ 2,peach-2-pro-max
LUNA™ 4 hair,peach-2-pro-max
INDEPENDENT REVIEWS BY BAZAAR VOICE,peach-2-pro-max
See what others think...,peach-2-pro-max
Log in User profile My devices My orders My addresses,peach-2-pro-max
Log in,peach-2-pro-max
User profile,peach-2-pro-max
My devices,peach-2-pro-max
My orders,peach-2-pro-max
My addresses,peach-2-pro-max
HOLIDAY SALE UP TO 50% OFF,peach-2-pro-max
UP TO 50% OFF,peach-2-pro-max
NEW FLIP™ play advanced,peach-2-pro-max
FLIP™ play advanced,peach-2-pro-max
Popular Special offers Bestsellers Red light therapy,peach-2-pro-max
Special offers,peach-2-pro-max
Bestsellers,peach-2-pro-max
Red light therapy,peach-2-pro-max
"Swedish beauty routine Facial cleansing LUNA™ 4 Anti-aging massage LUNA™ 4 plus Anti-aging massage, LED heating LUNA™ 4 MEN For men, anti-aging massage LUNA™ 4 mini For young skin, T-zone LUNA™ 4 go For travel or gym bag LUNA™ skincare Premium cleansers & balm LUNA™ devices All facial cleansing devices Facelift BEAR™ 2 Microcurrent toning device BEAR™ 2 go Microcurrent toning on-the-go BEAR™ 2 eyes & lips Microcurrent line smoothing device Facelift skincare Premium anti-aging skincare BEAR™ devices All premium facelift devices Hydration UFO™ 3 Deep facial hydration device UFO™ 3 LED Near-infrared and red light therapy device UFO™ 3 mini Red light therapy device for young skin UFO™ 3 go Portable red light therapy Masks Rejuvenation & hydration UFO™ devices All deep facial hydration devices Oral care issa™ 4 Hybrid silicone sonic toothbrush issa™ 4 plus Smart hybrid silicone sonic toothbrush issa™ 4 smile Hybrid silicone sonic toothbrush issa™ 4 baby For ages 0-3 ISSA™ devices All silicone sonic toothbrushes",peach-2-pro-max
"Facial cleansing LUNA™ 4 Anti-aging massage LUNA™ 4 plus Anti-aging massage, LED heating LUNA™ 4 MEN For men, anti-aging massage LUNA™ 4 mini For young skin, T-zone LUNA™ 4 go For travel or gym bag LUNA™ skincare Premium cleansers & balm LUNA™ devices All facial cleansing devices",peach-2-pro-max
LUNA™ 4 Anti-aging massage,peach-2-pro-max
"LUNA™ 4 plus Anti-aging massage, LED heating",peach-2-pro-max
"LUNA™ 4 MEN For men, anti-aging massage",peach-2-pro-max
"LUNA™ 4 mini For young skin, T-zone",peach-2-pro-max
LUNA™ 4 go For travel or gym bag,peach-2-pro-max
LUNA™ skincare Premium cleansers & balm,peach-2-pro-max
LUNA™ devices All facial cleansing devices,peach-2-pro-max
Facelift BEAR™ 2 Microcurrent toning device BEAR™ 2 go Microcurrent toning on-the-go BEAR™ 2 eyes & lips Microcurrent line smoothing device Facelift skincare Premium anti-aging skincare BEAR™ devices All premium facelift devices,peach-2-pro-max
BEAR™ 2 Microcurrent toning device,peach-2-pro-max
BEAR™ 2 go Microcurrent toning on-the-go,peach-2-pro-max
BEAR™ 2 eyes & lips Microcurrent line smoothing device,peach-2-pro-max
Facelift skincare Premium anti-aging skincare,peach-2-pro-max
BEAR™ devices All premium facelift devices,peach-2-pro-max
Hydration UFO™ 3 Deep facial hydration device UFO™ 3 LED Near-infrared and red light therapy device UFO™ 3 mini Red light therapy device for young skin UFO™ 3 go Portable red light therapy Masks Rejuvenation & hydration UFO™ devices All deep facial hydration devices,peach-2-pro-max
UFO™ 3 Deep facial hydration device,peach-2-pro-max
UFO™ 3 LED Near-infrared and red light therapy device,peach-2-pro-max
UFO™ 3 mini Red light therapy device for young skin,peach-2-pro-max
UFO™ 3 go Portable red light therapy,peach-2-pro-max
Masks Rejuvenation & hydration,peach-2-pro-max
UFO™ devices All deep facial hydration devices,peach-2-pro-max
Oral care issa™ 4 Hybrid silicone sonic toothbrush issa™ 4 plus Smart hybrid silicone sonic toothbrush issa™ 4 smile Hybrid silicone sonic toothbrush issa™ 4 baby For ages 0-3 ISSA™ devices All silicone sonic toothbrushes,peach-2-pro-max
issa™ 4 Hybrid silicone sonic toothbrush,peach-2-pro-max
issa™ 4 plus Smart hybrid silicone sonic toothbrush,peach-2-pro-max
issa™ 4 smile Hybrid silicone sonic toothbrush,peach-2-pro-max
issa™ 4 baby For ages 0-3,peach-2-pro-max
ISSA™ devices All silicone sonic toothbrushes,peach-2-pro-max
FAQ™ anti-aging treatments Anti-aging FAQ™ 101 Clinical anti-aging FAQ™ 102 Advanced clinical anti-aging FAQ™ 103 Luxurious clinical anti-aging set FAQ™ P1 Primer Manuka honey primer FAQ™ skincare All FAQ™ skincare FAQ™ products All anti-aging treatments LED treatments NEW FAQ™ Dual LED Panel For anti-aging & blemishes FAQ™ 201 Anti-aging LED mask FAQ™ 202 Advanced anti-aging LED mask FAQ™ 211 Anti-aging neck & décolleté LED mask FAQ™ 221 Anti-aging LED hand mask FAQ™ skincare All FAQ™ skincare FAQ™ products All LED treatments Hair regrowth FAQ™ 301 LED hair strengthening scalp massager FAQ™ Scalp Serum Scalp recovery probiotic serum FAQ™ skincare All FAQ™ skincare FAQ™ products All hair treatments Face & body toning NEW FAQ™ 401 Dual microcurrent LED FAQ™ 402 Dual microcurrent NIR + red LED FAQ™ 411 Body microcurrent red LED FAQ™ Body Sculpt Serum Conductive body serum FAQ™ skincare All FAQ™ skincare FAQ™ products All toning treatments Skin rejuvenation NEW FAQ™ 501 Full-Spectrum Red Light Therapy FAQ™ 502 Full-Spectrum Red Light Therapy FAQ™ Red Light Serum FAQ™ skincare All FAQ™ skincare FAQ™ products All toning treatments,peach-2-pro-max
Anti-aging FAQ™ 101 Clinical anti-aging FAQ™ 102 Advanced clinical anti-aging FAQ™ 103 Luxurious clinical anti-aging set FAQ™ P1 Primer Manuka honey primer FAQ™ skincare All FAQ™ skincare FAQ™ products All anti-aging treatments,peach-2-pro-max
FAQ™ 101 Clinical anti-aging,peach-2-pro-max
FAQ™ 102 Advanced clinical anti-aging,peach-2-pro-max
FAQ™ 103 Luxurious clinical anti-aging set,peach-2-pro-max
FAQ™ P1 Primer Manuka honey primer,peach-2-pro-max
FAQ™ skincare All FAQ™ skincare,peach-2-pro-max
FAQ™ products All anti-aging treatments,peach-2-pro-max
LED treatments NEW FAQ™ Dual LED Panel For anti-aging & blemishes FAQ™ 201 Anti-aging LED mask FAQ™ 202 Advanced anti-aging LED mask FAQ™ 211 Anti-aging neck & décolleté LED mask FAQ™ 221 Anti-aging LED hand mask FAQ™ skincare All FAQ™ skincare FAQ™ products All LED treatments,peach-2-pro-max
FAQ™ Dual LED Panel For anti-aging & blemishes,peach-2-pro-max
FAQ™ 201 Anti-aging LED mask,peach-2-pro-max
FAQ™ 202 Advanced anti-aging LED mask,peach-2-pro-max
FAQ™ 211 Anti-aging neck & décolleté LED mask,peach-2-pro-max
FAQ™ 221 Anti-aging LED hand mask,peach-2-pro-max
FAQ™ products All LED treatments,peach-2-pro-max
Hair regrowth FAQ™ 301 LED hair strengthening scalp massager FAQ™ Scalp Serum Scalp recovery probiotic serum FAQ™ skincare All FAQ™ skincare FAQ™ products All hair treatments,peach-2-pro-max
FAQ™ 301 LED hair strengthening scalp massager,peach-2-pro-max
FAQ™ Scalp Serum Scalp recovery probiotic serum,peach-2-pro-max
FAQ™ products All hair treatments,peach-2-pro-max
Face & body toning NEW FAQ™ 401 Dual microcurrent LED FAQ™ 402 Dual microcurrent NIR + red LED FAQ™ 411 Body microcurrent red LED FAQ™ Body Sculpt Serum Conductive body serum FAQ™ skincare All FAQ™ skincare FAQ™ products All toning treatments,peach-2-pro-max
FAQ™ 401 Dual microcurrent LED,peach-2-pro-max
FAQ™ 402 Dual microcurrent NIR + red LED,peach-2-pro-max
FAQ™ 411 Body microcurrent red LED,peach-2-pro-max
FAQ™ Body Sculpt Serum Conductive body serum,peach-2-pro-max
FAQ™ products All toning treatments,peach-2-pro-max
Skin rejuvenation NEW FAQ™ 501 Full-Spectrum Red Light Therapy FAQ™ 502 Full-Spectrum Red Light Therapy FAQ™ Red Light Serum FAQ™ skincare All FAQ™ skincare FAQ™ products All toning treatments,peach-2-pro-max
FAQ™ 501 Full-Spectrum Red Light Therapy,peach-2-pro-max
FAQ™ 502 Full-Spectrum Red Light Therapy,peach-2-pro-max
FAQ™ Red Light Serum,peach-2-pro-max
Specialized treatments Hair removal NEW PEACH™ 2 Pro Max Professional IPL hair removal device PEACH™ 2 IPL hair removal PEACH™ 2 go Travel-friendly IPL hair removal PEACH™ Cooling Prep Gel Cooling IPL hair removal gel Body care BEAR™ 2 body Microcurrent body toning LUNA™ 4 body Massaging body brush SUPERCHARGED™ serum Firming body serum Acne ESPADA™ 2 plus Recurring acne LED therapy ESPADA™ 2 Acne treatment device ESPADA™ Blemish Solution Concentrated acne gel ESPADA™ devices All acne treatment devices Eye care BEAR™ 2 eyes & lips Microcurrent line smoothing device IRIS™ 2 Rejuvenating eye massager Eye skincare Advanced eye care treatment Eye care devices All revitalizing eye massagers Pore care KIWI™ derma Diamond microdermabrasion KIWI™ Blackhead remover KIWI™ skincare Advanced pore care essentials Hair care LUNA™ 4 hair 2-in-1 LED scalp massager FLIP™ play advanced LED light hairbrush LUNA™ Dual-Peptide Scalp Serum For healthy hair,peach-2-pro-max
Hair removal NEW PEACH™ 2 Pro Max Professional IPL hair removal device PEACH™ 2 IPL hair removal PEACH™ 2 go Travel-friendly IPL hair removal PEACH™ Cooling Prep Gel Cooling IPL hair removal gel,peach-2-pro-max
PEACH™ 2 Pro Max Professional IPL hair removal device,peach-2-pro-max
PEACH™ 2 IPL hair removal,peach-2-pro-max
PEACH™ 2 go Travel-friendly IPL hair removal,peach-2-pro-max
PEACH™ Cooling Prep Gel Cooling IPL hair removal gel,peach-2-pro-max
Body care BEAR™ 2 body Microcurrent body toning LUNA™ 4 body Massaging body brush SUPERCHARGED™ serum Firming body serum,peach-2-pro-max
BEAR™ 2 body Microcurrent body toning,peach-2-pro-max
LUNA™ 4 body Massaging body brush,peach-2-pro-max
SUPERCHARGED™ serum Firming body serum,peach-2-pro-max
Acne ESPADA™ 2 plus Recurring acne LED therapy ESPADA™ 2 Acne treatment device ESPADA™ Blemish Solution Concentrated acne gel ESPADA™ devices All acne treatment devices,peach-2-pro-max
ESPADA™ 2 plus Recurring acne LED therapy,peach-2-pro-max
ESPADA™ 2 Acne treatment device,peach-2-pro-max
ESPADA™ Blemish Solution Concentrated acne gel,peach-2-pro-max
ESPADA™ devices All acne treatment devices,peach-2-pro-max
Eye care BEAR™ 2 eyes & lips Microcurrent line smoothing device IRIS™ 2 Rejuvenating eye massager Eye skincare Advanced eye care treatment Eye care devices All revitalizing eye massagers,peach-2-pro-max
IRIS™ 2 Rejuvenating eye massager,peach-2-pro-max
Eye skincare Advanced eye care treatment,peach-2-pro-max
Eye care devices All revitalizing eye massagers,peach-2-pro-max
Pore care KIWI™ derma Diamond microdermabrasion KIWI™ Blackhead remover KIWI™ skincare Advanced pore care essentials,peach-2-pro-max
KIWI™ derma Diamond microdermabrasion,peach-2-pro-max
KIWI™ Blackhead remover,peach-2-pro-max
KIWI™ skincare Advanced pore care essentials,peach-2-pro-max
Hair care LUNA™ 4 hair 2-in-1 LED scalp massager FLIP™ play advanced LED light hairbrush LUNA™ Dual-Peptide Scalp Serum For healthy hair,peach-2-pro-max
LUNA™ 4 hair 2-in-1 LED scalp massager,peach-2-pro-max
FLIP™ play advanced LED light hairbrush,peach-2-pro-max
LUNA™ Dual-Peptide Scalp Serum For healthy hair,peach-2-pro-max
More Skincare Men Shop all,peach-2-pro-max
Skincare,peach-2-pro-max
Men,peach-2-pro-max
Shop all,peach-2-pro-max
FOREO App,peach-2-pro-max
About About The story of FOREO FOREO partnerships MYSA: Beauty & Wellbeing Journal Find your ideal FOREO device! Technologies behind Benefits Clinical Results & Expert Reviews Contact us,peach-2-pro-max
About,peach-2-pro-max
The story of FOREO,peach-2-pro-max
FOREO partnerships,peach-2-pro-max
MYSA: Beauty & Wellbeing Journal,peach-2-pro-max
Find your ideal FOREO device!,peach-2-pro-max
Technologies behind Benefits,peach-2-pro-max
Clinical Results & Expert Reviews,peach-2-pro-max
Contact us,peach-2-pro-max
Language,peach-2-pro-max
Shipping country,peach-2-pro-max
United States Delivery estimate: 25/12/25,peach-2-pro-max
United Kingdom Delivery estimate: 24/12/25,peach-2-pro-max
Spain Delivery estimate: 24/12/25,peach-2-pro-max
Australia Delivery estimate: 27/12/25,peach-2-pro-max
France Delivery estimate: 24/12/25,peach-2-pro-max
Germany Delivery estimate: 24/12/25,peach-2-pro-max
Canada Delivery estimate: 28/12/25,peach-2-pro-max
Austria Delivery estimate: 24/12/25,peach-2-pro-max
Bahrain Delivery estimate: 25/12/25,peach-2-pro-max
Belgium Delivery estimate: 24/12/25,peach-2-pro-max
Bermuda Delivery estimate: 30/12/25,peach-2-pro-max
Bosnia & Herzegovina Delivery estimate: 27/12/25,peach-2-pro-max
Brunei Delivery estimate: 29/12/25,peach-2-pro-max
Bulgaria Delivery estimate: 24/12/25,peach-2-pro-max
Chile Delivery estimate: 28/12/25,peach-2-pro-max
China Delivery estimate: 24/12/25,peach-2-pro-max
Colombia Delivery estimate: 28/12/25,peach-2-pro-max
Croatia Delivery estimate: 24/12/25,peach-2-pro-max
Cyprus Delivery estimate: 25/12/25,peach-2-pro-max
Czechia Delivery estimate: 24/12/25,peach-2-pro-max
Denmark Delivery estimate: 24/12/25,peach-2-pro-max
Estonia Delivery estimate: 24/12/25,peach-2-pro-max
Finland Delivery estimate: 24/12/25,peach-2-pro-max
French Polynesia Delivery estimate: 28/12/25,peach-2-pro-max
Gibraltar Delivery estimate: 28/12/25,peach-2-pro-max
Greece Delivery estimate: 24/12/25,peach-2-pro-max
Hong Kong SAR China Delivery estimate: 25/12/25,peach-2-pro-max
Hungary Delivery estimate: 24/12/25,peach-2-pro-max
Iceland Delivery estimate: 25/12/25,peach-2-pro-max
Ireland Delivery estimate: 24/12/25,peach-2-pro-max
Isle of Man Delivery estimate: 26/12/25,peach-2-pro-max
Israel Delivery estimate: 28/12/25,peach-2-pro-max
Italy Delivery estimate: 24/12/25,peach-2-pro-max
Japan Delivery estimate: 27/12/25,peach-2-pro-max
Jersey Delivery estimate: 29/12/25,peach-2-pro-max
Kazakhstan Delivery estimate: 26/12/25,peach-2-pro-max
Kuwait Delivery estimate: 24/12/25,peach-2-pro-max
Latvia Delivery estimate: 24/12/25,peach-2-pro-max
Lebanon Delivery estimate: 25/12/25,peach-2-pro-max
Lithuania Delivery estimate: 24/12/25,peach-2-pro-max
Luxembourg Delivery estimate: 24/12/25,peach-2-pro-max
Macao SAR China Delivery estimate: 26/12/25,peach-2-pro-max
Malaysia Delivery estimate: 27/12/25,peach-2-pro-max
Malta Delivery estimate: 24/12/25,peach-2-pro-max
Mexico Delivery estimate: 28/12/25,peach-2-pro-max
Monaco Delivery estimate: 25/12/25,peach-2-pro-max
Netherlands Delivery estimate: 24/12/25,peach-2-pro-max
New Zealand Delivery estimate: 24/12/25,peach-2-pro-max
Norway Delivery estimate: 24/12/25,peach-2-pro-max
Oman Delivery estimate: 27/12/25,peach-2-pro-max
Peru Delivery estimate: 28/12/25,peach-2-pro-max
Philippines Delivery estimate: 27/12/25,peach-2-pro-max
Poland Delivery estimate: 25/12/25,peach-2-pro-max
Portugal Delivery estimate: 24/12/25,peach-2-pro-max
Puerto Rico Delivery estimate: 26/12/25,peach-2-pro-max
Qatar Delivery estimate: 25/12/25,peach-2-pro-max
Réunion Delivery estimate: 29/12/25,peach-2-pro-max
Romania Delivery estimate: 24/12/25,peach-2-pro-max
Russia Delivery estimate: 1/1/26,peach-2-pro-max
Saudi Arabia Delivery estimate: 25/12/25,peach-2-pro-max
Singapore Delivery estimate: 26/12/25,peach-2-pro-max
Slovakia Delivery estimate: 24/12/25,peach-2-pro-max
Slovenia Delivery estimate: 24/12/25,peach-2-pro-max
South Africa Delivery estimate: 1/1/26,peach-2-pro-max
South Korea Delivery estimate: 26/12/25,peach-2-pro-max
Sweden Delivery estimate: 24/12/25,peach-2-pro-max
Switzerland Delivery estimate: 24/12/25,peach-2-pro-max
Taiwan Delivery estimate: 29/12/25,peach-2-pro-max
Thailand Delivery estimate: 28/12/25,peach-2-pro-max
Türkiye Delivery estimate: 25/12/25,peach-2-pro-max
United Arab Emirates Delivery estimate: 25/12/25,peach-2-pro-max
Uzbekistan Delivery estimate: 29/12/25,peach-2-pro-max
Vietnam Delivery estimate: 30/12/25,peach-2-pro-max
Love beauty innovation?,peach-2-pro-max
Subscribe and get 10% off your first order!,peach-2-pro-max
"By subscribing, I agree to receive marketing communications from FOREO. I understand that I can unsubscribe at any time.",peach-2-pro-max
This site is protected by reCAPTCHA and the Google Privacy Policy and Terms of Service apply.,peach-2-pro-max
Help,peach-2-pro-max
Orders & Shipping,peach-2-pro-max
Warranty & Returns,peach-2-pro-max
Frequently asked questions,peach-2-pro-max
Follow us,peach-2-pro-max
Instagram,peach-2-pro-max
Facebook,peach-2-pro-max
X,peach-2-pro-max
YouTube,peach-2-pro-max
LinkedIn,peach-2-pro-max
Pinterest,peach-2-pro-max
TikTok,peach-2-pro-max
My account,peach-2-pro-max
Product registration,peach-2-pro-max
Support,peach-2-pro-max
Company,peach-2-pro-max
Affiliate program,peach-2-pro-max
AI & Affiliate News,peach-2-pro-max
MYSA blog,peach-2-pro-max
Become a partner,peach-2-pro-max
Terms of use,peach-2-pro-max
Privacy policy,peach-2-pro-max
100% secure payment,peach-2-pro-max
Reviews by Bazaarvoice,peach-2-pro-max
© 2025 FOREO All rights reserved,peach-2-pro-max
"Oh, your cart is empty.",peach-2-pro-max
Explore our exciting products.,peach-2-pro-max
Facial cleansing,peach-2-pro-max
Facelift,peach-2-pro-max
Hydration,peach-2-pro-max
Oral care,peach-2-pro-max
Hair removal devices,peach-2-pro-max
Product navigation,peach-2-pro-max
PEACH™ 2 PEACH™ 2 IPL hair removal device € 399 Geo Stock test,peach-2-pro-max
PEACH™ 2,peach-2-pro-max
PEACH™ 2 Pro Max PEACH™ 2 Pro Max Professional IPL hair removal € 829 Geo Stock test,peach-2-pro-max
PEACH™ 2 go PEACH™ 2 go Travel-friendly IPL hair removal € 299 € 249 SAVE € 50 Geo Stock test,peach-2-pro-max
PEACH™ 2 go,peach-2-pro-max
Silky smooth 3x faster,peach-collection
Full body treatment in just 10 mins,peach-collection
"PEACHTM 2 is the fastest, simplest and most effective way to remove unwanted hair, long-term. Designed with more power, a larger treatment window, and a faster flash than other IPL devices on the market. It also features a built-in skin cooling system to ensure a comfortable and painless hair removal experience. So ditch the razor - because life’s too short to shave every day.",peach-collection
Ground-breaking IPL technology,peach-collection
"Unrivalled power and high-speed flash targets the hair follicle, stimulating it into a resting phase so it doesn’t grow back.",peach-collection
Extra-large treatment window,peach-collection
"3x larger than competitors, covering 3x the skin area at one time - meaning full body treatments are faster.",peach-collection
"Blows cool air onto skin as you’re treating it, to ensure the most comfortable IPL experience available.",peach-collection
T-SonicTM massage,peach-collection
Temporarily dilates pores so the light pulses can reach the hair follicle more easily.,peach-collection
"Unrivaled power and high-speed flash targets the hair follicle, stimulating it into a resting phase so it doesn’t grow back.",peach-collection
T-SonicTM pulsations,peach-collection
Choose color: Peach,peach-collection
"Ditch the razor, messy waxing and painful plucking - and experience the ultimate hair removal solution with PEACH™ 2. Extra large treatment window, ultra-fast flash, skin cooling system, self-adjusting head, and full body treatments in just 10 minutes.",peach-collection
Faster and more powerful than other IPL devices on the market.,peach-collection
7.3 J/cm² of energy - over 3x more power than other IPL devices.,peach-collection
9cm² treatment window - over 3x larger than other IPL devices.,peach-collection
Ultra-fast flash speed from 0.5 seconds - delivering 120 flashes per min.,peach-collection
5 intensities and 2 modes - for large and precise areas on face and body.,peach-collection
"More settings, treatment guidance and reminders via the FOREO app.",peach-collection
General Manual,peach-collection
"2-year warranty (Spain, Portugal, Sweden: 3-year warranty)",peach-collection
RELATED PRODUCTS,peach-collection
PEACH™ Cooling Prep Gel,peach-collection
For face & body,peach-collection
Allow you to adjust to different skin sensitivities on different areas.,peach-collection
Self-adjusting head,peach-collection
"Bends naturally with your body, to treat all creases & corners.",peach-collection
"The perfect way to prep your skin for the most comfortable IPL hair removal treatments. Developed specifically for use with FOREO’s PEACHTM devices, this lightweight gel-to-serum formula cools and calms skin during your treatment, while enabling your PEACHTM device to glide effortlessly over skin.",peach-collection
"Shave all visible hair from the area you wish to treat. Apply PEACHTM Cooling Gel to skin for an even more intense cooling sensation, making sure to massage it in until fully absorbed.",peach-collection
"Plug in PEACHTM 2. Before first use, you must select your preferred settings via the FOREO app. Then adjust the IPL intensity as desired, by pressing the + and - buttons on the device.",peach-collection
"Place the treatment window firmly on skin. For large areas, press and hold the flash button while gliding on skin. For small areas, press and immediately release the flash button. See manual for more detailed instructions.",peach-collection
UFO™ 3,peach-collection
SUPERCHARGED™ Firming Body Serum,peach-collection
Size matters. Smaller is better.,peach-2-go
Your priority pass to hair-free skin,peach-2-go
"Pack light, travel smooth with PEACH™ 2 go. This portable IPL hair removal device is the fastest, simplest and most effective way to remove unwanted hair long-term - anytime, anywhere.",peach-2-go
"Designed with more power, smaller size, a larger treatment window, and a faster flash than other IPL devices on the market, it perfectly fits any suitcase or carry-on baggage. It also features a built-in skin cooling system to ensure a comfortable and painless hair removal experience wherever you go. So, ditch the shaving. Travel hair-free.",peach-2-go
Advanced IPL hair removal treatment,peach-2-go
"High-speed flash targets the hair follicle, stimulating it into a resting phase so it doesn’t grow back.",peach-2-go
T-SonicTM technology,peach-2-go
PEACH™ 2 go Bundle,peach-2-go
PEACH™ 2 go Choose color: Lavender,peach-2-go
Meet the ultimate hair removal dream team: PEACH™ 2 go and PEACH™ Cooling Prep Gel. Unrivalled IPL technology combined with an instantly calming gel-to-serum formula means you can effortlessly and comfortably achieve flawlessly smooth skin treating the full body in just 10 minutes - for results that last all year long. What's not to love?,peach-2-go
9 cm² window covers 3x more skin per flash than competitors for the fastest full-body coverage.,peach-2-go
"Built-in 360° cooling system blows cool air during treatment for painless, comfortable IPL anywhere.",peach-2-go
T-Sonic™ massage temporarily dilates pores so light pulses reach follicles deeper for faster results.,peach-2-go
"Two modes adapt to any area: Glide Mode speeds through legs and arms, Stamp Mode targets bikini line.",peach-2-go
"Lightweight gel absorbs instantly without residue, letting device glide friction-free over any body contour.",peach-2-go
Panthenol and Vitamin E soothe post-treatment redness while 97% natural origin ingredients hydrate deeply.,peach-2-go
Choose color: Lavender,peach-2-go
"The travel-friendly version of everyone's favorite IPL hair removal device. Smaller size, extra large treatment window, ultra-fast flash, skin cooling system, and full body treatments in just 10 minutes. Effortless. Long-lasting. Anytime, anywhere.",peach-2-go
Faster and more powerful than other travel-friendly IPL devices on the market.,peach-2-go
A whopping 6.5 J/cm² of energy for visible results in 2 weeks.,peach-2-go
"3x more coverage than other IPL devices, with 9cm² treatment window.",peach-2-go
"Plug in PEACHTM 2 go. Before first use, you must select your preferred settings via the FOREO app. Then adjust the IPL intensity as desired, by pressing the + and - buttons on the device. Download app",peach-2-go
"Place the treatment window firmly on skin. For large areas, press and hold the flash button while gliding on skin. For small areas, press and immediately release the flash button. See manual for more detailed instructions.",peach-2-go
Compact & lightweight,peach-2-go
"Designed to be the most travel-friendly IPL device, for effortless hair removal anytime, anywhere.",peach-2-go
LUNA™ Micro-Foam Cleanser 2.0,peach-2-go
Calm. Hydrate. Relieve.,peach-cooling-prep-gel
"The perfect way to prep your skin for the most comfortable IPL hair removal treatments. Designed to cool and calm skin during your treatment, this moisturizing gel-to-toner texture formulated with centella asiatica, hyaluronic acid and aloe vera, enables FOREO PEACH™ devices to glide effortlessly over skin - for flawless body and facial hair removal.",peach-cooling-prep-gel
Cooling Aloe Vera & Peppermint calm and soothe skin for optimal comfort.,peach-cooling-prep-gel
"17 plant extracts deeply hydrate skin, leaving it soft and smooth.",peach-cooling-prep-gel
Repairing Panthenol & Vitamin E alleviate sensitivity-induced redness.,peach-cooling-prep-gel
Formulated with 97% natural origin ingredients. Vegan & cruelty-free.,peach-cooling-prep-gel
"Aqua/Water/Eau, 1,2-Hexanediol, Sodium Hyaluronate, Panthenol, Ethylhexylglycerin, Butylene Glycol, Melia Azadirachta (Neem) Leaf Extract, Melia Azadirachta (Neem) Flower Extract, Coccinia Indica (Ivy Gourd) Fruit Extract, Centella Asiatica (Gotu Kola) Extract, Aloe Barbadensis (Aloe Vera) Flower Extract, Solanum Melongena (Eggplant) Fruit Extract, Polygonum Cuspidatum (Japanese Knotweed) Root Extract, Scutellaria Baicalensis (Baikal Skullcap) Root Extract, Camellia Sinensis (Green Tea) Leaf Extract, Glycyrrhiza Glabra (Licorice) Root Extract, Aloe Barbadensis (Aloe Vera) Leaf Extract, Mentha Piperita (Peppermint) Leaf Extract, Ocimum Sanctum (Holy Basil) Leaf Extract, Curcuma Longa (Turmeric) Root Extract, Rosmarinus Officinalis (Rosemary) Leaf Extract, Chamomilla Recutita (Matricaria) Flower Extract, Corallina Officinalis Extract, Tocopheryl Acetate",peach-cooling-prep-gel
Luxuriously cooling,peach-cooling-prep-gel
Aloe Vera and Peppermint calm and soothe skin for optimal comfort during your IPL treatment.,peach-cooling-prep-gel
Intensely hydrating,peach-cooling-prep-gel
"17 plant extracts help deeply moisturize and nourish the skin, combating natural dryness & irritation.",peach-cooling-prep-gel
Ultra-repairing,peach-cooling-prep-gel
Panthenol and Vitamin E help to strengthen the skin barrier - leaving it soft and smooth to the touch.,peach-cooling-prep-gel
"Before, During & After",peach-cooling-prep-gel
"Perfect for prepping your skin pre-IPL treatment, cooling skin during your treament, and alleviating sensitivity-induced redness post-treatment.",peach-cooling-prep-gel
Mindful beauty,peach-cooling-prep-gel
Dermatologist tested For optimal safety & effectiveness. Suitable for all skin types.,peach-cooling-prep-gel
Dermatologist tested,peach-cooling-prep-gel
For optimal safety & effectiveness. Suitable for all skin types.,peach-cooling-prep-gel
Cruelty-free & Vegan No animals were used in the creation or testing of this product.,peach-cooling-prep-gel
Cruelty-free & Vegan,peach-cooling-prep-gel
No animals were used in the creation or testing of this product.,peach-cooling-prep-gel
Natural ingredients 97% natural origin ingredients.,peach-cooling-prep-gel
Natural ingredients,peach-cooling-prep-gel
97% natural origin ingredients.,peach-cooling-prep-gel
FOREO clean skincare Formulated without our extensive list of blacklisted ingredients.,peach-cooling-prep-gel
FOREO clean skincare,peach-cooling-prep-gel
Formulated without our extensive list of blacklisted ingredients.,peach-cooling-prep-gel
Shave & apply gel,peach-cooling-prep-gel
"Shave all visible hair from the area you wish to treat. To achieve an even stonger cooling sensation, apply PEACH™ Cooling Prep Gel and massage into skin until fully absorbed.",peach-cooling-prep-gel
"Plug in your PEACH™ 2 device, and adjust the IPL intensity as desired by pressing the + and - buttons. Access more settings via the FOREO app. Download app",peach-cooling-prep-gel
"Place the treatment window firmly on skin. For large areas, press and hold the flash button while gliding on skin. For small areas, press and immediately release the flash button.",peach-cooling-prep-gel
The world's fastest IPL,peach-cooling-prep-gel
"Ditch the razor, messy waxing and painful plucking - and experience the ultimate hair removal solution with PEACH™ 2. Unrivaled power, extra large treatment window, ultra-fast flash, skin cooling system, self-adjusting head, and full body treatments in just 10 minutes. Painless. Effortless. Long-lasting.",peach-cooling-prep-gel
Esta página web usa cookies,espada-plus-collection
"Las cookies de este sitio web se usan para personalizar el contenido y los anuncios, ofrecer funciones de redes sociales y analizar el tráfico. Además, compartimos información sobre el uso que haga del sitio web con nuestros partners de redes sociales, publicidad y análisis web, quienes pueden combinarla con otra información que les haya proporcionado o que hayan recopilado a partir del uso que haya hecho de sus servicios. Al hacer clic en ""PERMITIR TODAS LAS COOKIES"", acepta nuestra Política de cookies y privacidad .",espada-plus-collection
Necesario,espada-plus-collection
Preferencias,espada-plus-collection
Estadística,espada-plus-collection
Advanced blue LED light therapy for acne,espada-plus-collection
Treat & heal acne-prone skin with blue LED,espada-plus-collection
Terminate stubborn acne and inflammation that recurs on specific areas over and over again.,espada-plus-collection
"ESPADA™ 2 plus is the quickest, simplest and most effective way to fight recurring chronic breakouts, using FDA-cleared medical technology.",espada-plus-collection
"It features a precise light guide to target each individual spot with ultra-concentrated blue LED light - for clinically proven, professional results.",espada-plus-collection
Eliminate recurring acne,espada-plus-collection
"Ultra-concentrated blue LED penetrates below the skin to kill acne-causing bacteria at the source, preventing future breakouts.",espada-plus-collection
Targets each individual spot,espada-plus-collection
"Precise light guide channels 415 nm blue LED directly onto each spot, to effectively terminate existing acne and inflammation on the skin’s surface.",espada-plus-collection
Heal acne blemishes,espada-plus-collection
"T-Sonic™ pulsations stimulate microcirculation to accelerate the skin renewal process, fading acne marks and blemishes.",espada-plus-collection
Minimize pores,espada-plus-collection
"Blue LED helps to regulate your skin’s natural oil production, which results in minimized pores and smoother skin.",espada-plus-collection
LED Light,espada-plus-collection
Antibacterial silicone,espada-plus-collection
Clinical results & Expert reviews,espada-plus-collection
Treats & heals acne prone skin.,espada-plus-collection
Treats & heals,espada-plus-collection
acne prone skin.,espada-plus-collection
"Significantly reduces blackheads, microcysts & papules.",espada-plus-collection
Significantly,espada-plus-collection
"reduces blackheads, microcysts & papules.",espada-plus-collection
Significantly reduces inflammatory & retential lesions.,espada-plus-collection
reduces inflammatory & retential lesions.,espada-plus-collection
ESPADA™ 2 plus Bundle,espada-plus-collection
ESPADA™ 2 plus,espada-plus-collection
ESPADA™ 2 plus Choose color: Lavender,espada-plus-collection
"Get clear, smooth & healthy skin with ESPADA™ 2 plus - specifically designed FDA-cleared medical device to clear recurring acne and regulate sebum production. Formulated with 2% Salicylic Acid, ESPADA™ Blemish Solution effectively helps to eliminate existing spots, blemishes & inflammation. Prevent future breakouts now!",espada-plus-collection
3 out of 4 users report visible results from the very 1st use.,espada-plus-collection
100% of users report clearer skin after using an ultra-precise targeted blue LED acne treatment.,espada-plus-collection
T-Sonic™ pulsations stimulate microcirculation to accelerate the skin renewal process.,espada-plus-collection
Niacinamide & Tea Tree Oil help to reduce redness and fade stubborn imperfections.,espada-plus-collection
Panthenol & Lactobionic Acid to soothe and hydrate skin - preventing skin dryness and peeling.,espada-plus-collection
"Get clear, smooth & healthy skin with ESPADA™ 2 plus - specifically designed to clear recurring acne by treating each individual spot with ultimate precision. Working quickly and effectively, ESPADA™ 2 plus also prevents future breakouts, while healing acne marks and blemishes, and minimizing pores.",espada-plus-collection
More powerful than other blue LED devices on the market - delivering 170 mW/cm².,espada-plus-collection
4 out of 5 users report a decrease in breakouts.,espada-plus-collection
Takes only 30 seconds to treat each spot with ultra-concentrated light.,espada-plus-collection
3 out of 4 users report visible results after 1st use.,espada-plus-collection
Up to 210 uses per USB charge. 100% waterproof.,espada-plus-collection
USB charging cable,espada-plus-collection
Quick start guide,espada-plus-collection
Manual,espada-plus-collection
ESPADA™ 2,espada-plus-collection
ESPADA™,espada-plus-collection
KIWI™ derma,espada-plus-collection
KIWI™,espada-plus-collection
Precise light guide,espada-plus-collection
Targets and treats each individual spot with ultra-concentrated light.,espada-plus-collection
100% waterproof & nonporous to prevent bacteria build-up.,espada-plus-collection
Smart Swedish design,espada-plus-collection
"USB rechargeable, delivering up to 210 uses per charge.",espada-plus-collection
ESPADA™ BHA+PHA Blemish Solution,espada-plus-collection
"A concentrated yet lightweight gel, clinically proven to reduce blemishes in just 3 days. Use with a FOREO ESPADA™ device to supercharge your treatment so you can treat acne with double the power - both on the surface, and deep below skin.",espada-plus-collection
Cleanse,espada-plus-collection
"Clean and dry your face and neck. For optimal results, we recommend using a FOREO LUNA™ Facial Cleansing Massager.",espada-plus-collection
Apply,espada-plus-collection
"Apply FOREO ESPADA™ BHA+PHA Blemish Solution to each spot you wish to treat, if desired.",espada-plus-collection
Press the universal button to turn on ESPADA™ 2 plus. Position the light guide onto the spot you wish to treat. Hold on skin for 30 secs. You can treat the same spot up to 2 times in one treatment.,espada-plus-collection
LUNA™ 4 Bundle,espada-plus-collection
KIWI™ Active Pore & Blackhead Mask,espada-plus-collection
Acne treatment devices,espada-plus-collection
ESPADA™ 2 ESPADA™ 2 Acne treatment device € 179 Geo Stock test,espada-plus-collection
ESPADA™ 2 plus ESPADA™ 2 plus LED therapy for recurring acne € 209 € 179 SAVE € 30 Geo Stock test,espada-plus-collection
Acne treatment with blue light therapy,espada-collection
"Target, treat & terminate breakouts",espada-collection
"Featuring the dual-power of blue LED light & T-Sonic™ pulsations, ESPADA™ 2 works quickly & effectively to clear existing acne, blemishes & inflammation - without drying skin. It also regulates sebum production to prevent future breakouts - leaving your skin looking clear, healthy & smooth. FDA-cleared medical device. Clinically proven to treat and heal acne-prone skin. 100% of ESPADA™ 2 users report clearer skin.",espada-collection
Quickly clear acne,espada-collection
Up to 3000 mW of blue LED works quickly and effectively to terminate existing acne and inflammation on the skin’s surface.,espada-collection
"T-Sonic™ pulsations stimulate microcirculation to accelerate the skin renewal process, fading acne marks & blemishes.",espada-collection
Prevent future breakouts,espada-collection
"415 nm blue LED penetrates below the skin to kill acne-causing bacteria at the source, preventing future breakouts.",espada-collection
Significantly reduces redness & pore size.,espada-collection
reduces redness & pore size.,espada-collection
Significantly increases skin smoothness.,espada-collection
increases skin smoothness.,espada-collection
Choose color: Fuchsia,espada-collection
"Introducing the FDA-cleared medical device that treats and heals acne-prone skin quicker and more efficiently than ever before. It clears existing spots and blemishes, and prevents future breakouts - for a beautifully clear, healthy & smooth complexion every single day.",espada-collection
100% of users report clearer skin.,espada-collection
Takes only 30 seconds to treat each spot.,espada-collection
Features antibacterial silicone to stop bacteria spreading.,espada-collection
Velvety soft for sensitive skin. 100% waterproof. USB rechargeable.,espada-collection
Precise targeting light,espada-collection
Targets and treats each individual blemish with ultimate precision.,espada-collection
Smart skin sensor,espada-collection
"Blue LED only activates when treatment area is on skin, for optimal safety.",espada-collection
Built-in timer,espada-collection
Pulses every 30 seconds to let you know when acne has been treated.,espada-collection
100% waterproof & nonporous to prevent bacteria build-up & spreading.,espada-collection
Velvety soft & smooth to be extra-gentle on sensitive skin & USB rechargeable.,espada-collection
"A concentrated yet lightweight gel, clinically proven to reduce blemishes in just 3 days. Use with ESPADA™ to supercharge your treatment so you can treat acne with double the power - both on the surface, and deep below skin.",espada-collection
Press the universal button to turn on ESPADA™ 2. Aim it so the spot you wish to treat is in the center of the precise targeting light & hold on skin for 30 secs. You can treat the same spot up to 4 times in one treatment.,espada-collection
Banish breakouts in no time,espada-blemish-gel
ESPADA BHA+PHA Blemish Solution,espada-blemish-gel
"It’s no secret that clear and calm skin makes you feel more confident. ESPADA BHA+PHA Blemish Solution quickly targets blemishes on the surface of your skin - for a spotlessly clear and radiant complexion. Packing a powerful combination of 6 different super ingredients - 2% salicylic acid, witch hazel, niacinamide, tea tree oil, lactobionic acid and panthenol.",espada-blemish-gel
"Aqua/Water/Eau, Propylene Glycol, Salicylic Acid, Polyacrylate Crosspolymer-6, Hamamelis Virginiana (Witch Hazel) Water, 1,2-hexanediol, Hydroxyacetophenone, Panthenol, Sodium Hydroxide, Niacinamide, Lactobionic Acid, Agarose, Butylene Glycol, Dipotassium Glycyrrhizate, Polysorbate 20, Melaleuca Alternifolia (Tea Tree) Leaf Oil",espada-blemish-gel
Spot it. Clear it.,espada-blemish-gel
"This concentrated yet lightweight gel is formulated with a power-packed combination of ingredients. It quickly targets breakouts on the surface of your skin. Unlike most acne medications which can cause unsightly dryness and peeling skin, ESPADA Blemish Solution keeps skin moisturized. The result is a spotlessly clear and radiant complexion.",espada-blemish-gel
"Use it in combination with FOREO's ESPADATM , a blue LED light acne device - to supercharge your treatment.",espada-blemish-gel
Exfoliating & anti-inflammatory,espada-blemish-gel
"Formulated with 2% Salicylic Acid - a powerful BHA exfoliator that unclogs pores and reduces excess sebum, to effectively tackle blackheads and whiteheads. In combination with Witch Hazel, it also acts anti-inflammatory to reduce swelling and redness.",espada-blemish-gel
Fades stubborn imperfections,espada-blemish-gel
"Niacinamide and tea tree oil work together to effectively heal damaged skin. They help quickly shrink enlarged pores and fade hyperpigmentation caused by acne. Tea tree oil also has antibacterial properties, and helps reduce infection.",espada-blemish-gel
Ultra-gentle & soothing,espada-blemish-gel
PHA lactobionic acid helps retain moisture and increase overall hydration levels. Panthenol soothes skin by reducing itching and inflammation. Together they offer the perfect relief for blemish-prone skin.,espada-blemish-gel
"Supercharged with ESPADATM The blemish solution quickly targets breakouts on the surface of the skin. To double the power, use with ESPADATM blue LED light acne device to target, treat and terminate acne.",espada-blemish-gel
"Formulated with 2% salicylic acid - a powerful BHA exfoliator that unclogs pores and reduces excess sebum, to effectively tackle blackheads and whiteheads. In combination with witch hazel, it also acts anti-inflammatory to reduce swelling and redness.",espada-blemish-gel
Clean & safe,espada-blemish-gel
Fragrance-free So even extremely sensitive skin won't be irritated.,espada-blemish-gel
Fragrance-free,espada-blemish-gel
So even extremely sensitive skin won't be irritated.,espada-blemish-gel
Ultimate blue LED precision,espada-blemish-gel
"Treat & heal acne-prone skin with ESPADATM 2 or ESPADATM 2 plus, the FDA-cleared medical devices, and enjoy a relaxing T-Sonic™ massage. Both of these acne treatment devices pair perfectly with FOREO Blemish Solution and help you achieve clearer, healthier, and smoother complexion in no time. Visible results after 1st use. Ultimate blue LED precision for the most effective results.",espada-blemish-gel
Cleanse skin,espada-blemish-gel
Thoroughly cleanse and dry skin. We recommend using FOREO’s bacteria-resistant LUNATM facial cleansing massager and Micro-Foam Cleanser for optimal results.,espada-blemish-gel
Apply gel,espada-blemish-gel
Gently dab a thin layer of the blemish solution gel directly onto the spots / blemishes and leave on until fully absorbed.,espada-blemish-gel
STEP 3 (optional),espada-blemish-gel
"Enhance with ESPADATM Turn on your ESPADATM blue LED acne device, and hold it on each spot / blemish for 30 seconds, until the built-in timer pulses, to supercharge your treatment.",espada-blemish-gel
"Prevent, treat & heal acne",acne-treatment
The most effective way to get healthy skin,acne-treatment
"Take control of your skin with the clinically proven at-home acne treatment. Our FDA-cleared LED light devices & facial cleansing classics provide the best acne treatment for teens and adults. 3 out of 4 consumers report visible results after just one use. Get a spotlessly clear complexion by using LUNA™ and Micro-Foam Cleanser to remove 99.5% of impurities. Follow with ESPADA Blemish Solution to banish breakouts on the surface of the skin without drying it. Finally, supercharge the effect with ESPADA™ device, terminating acne below the skin. Remember to also feed the skin with a UFO™ ’ treatment!",acne-treatment
Featured,acne-treatment
Popularity,acne-treatment
Highest discount,acne-treatment
Highest price,acne-treatment
Lowest price,acne-treatment
Blue LED therapy acne treatment device that treats & heals acne-prone skin.,acne-treatment
Targeted blue LED therapy acne treatment device that successfully eliminates recurring acne.,acne-treatment
At-home pro-level blue LED light acne treatment device.,acne-treatment
Start with a cleanse,acne-treatment
Get your face 99.5% clean and treat acne-prone skin more effectively.,acne-treatment
Didn't find what you are looking for?,acne-treatment
We know you need the right devices to turn your routine into a ritual.,acne-treatment
Want to be first to hear about new products?,acne-treatment
Subscribe for updates,acne-treatment
The Swedish art of sucking,kiwi-derma-collection
"But, like, in a good way...",kiwi-derma-collection
"This device effectively resurfaces skin to make it smoother. Reduces wrinkles and age spots to make skin clearer. And extracts impurities from deep within pores so they appear smaller. Leaving you with a complexion that looks fresh, refined and younger.",kiwi-derma-collection
What else do you need to know?,kiwi-derma-collection
"Improves texture, tone & wrinkles",kiwi-derma-collection
"3 Adamas diamond microdermabrasion tips exfoliate dead skin cells and encourage healthy skin renewal - to reverse flaws like scarring, pigmentation and signs of aging.",kiwi-derma-collection
Firms skin & boosts radiance,kiwi-derma-collection
"Triple-tech microdermabrasion, vacuum suction and T-Sonic™ massage combine to stimulate circulation and lymphatic drainage, which helps trigger collagen production and the skin’s natural healing process.",kiwi-derma-collection
Unclogs & minimizes pores,kiwi-derma-collection
"T-Sonic™ massage temporarily dilates pores, while perfectly calibrated vacuum suction gently yet effectively extracts excess oil and impurities from deep within.",kiwi-derma-collection
Increases absorption of skincare,kiwi-derma-collection
"By removing the barrier of dead, dull skin cells and temporarily dilating pores, active ingredients in any skincare you apply after using this device penetrate deeper into skin, so they’re even more effective.",kiwi-derma-collection
Consumer-reported results,kiwi-derma-collection
90% of users report smoother and softer skin.,kiwi-derma-collection
of users report smoother and softer skin.,kiwi-derma-collection
90% of users report younger-looking and healthier-looking skin.,kiwi-derma-collection
of users report younger-looking and healthier-looking skin.,kiwi-derma-collection
90% of users report more even skin tone.,kiwi-derma-collection
of users report more even skin tone.,kiwi-derma-collection
93% of users report smaller-looking pores.,kiwi-derma-collection
93%,kiwi-derma-collection
of users report smaller-looking pores.,kiwi-derma-collection
"KIWI™ derma is the triple-tech solution to solve all your aging skin concerns. Microdermabrasion gently removes the dull, damaged top layer of skin to reveal the fresh and radiant layer below. Perfectly calibrated suction ‘vacuums’ over-congested pores, leaving them perfectly purged & minimized. T-Sonic™ massage helps fade pigmentation & reduce puffiness. For a complexion that looks fresh, refined and younger.",kiwi-derma-collection
Helps increase collagen production for long-lasting results.,kiwi-derma-collection
The only microdermabrasion device that doesn't require replacement filters or tips.,kiwi-derma-collection
Small Adamas diamond tip precisely exfoliates the T-zone area.,kiwi-derma-collection
"Medium Adamas diamond tip reduces visible fine lines, pigmentation and scarring.",kiwi-derma-collection
Large Adamas diamond tip exfoliates the cheeks & sensitive areas.,kiwi-derma-collection
Allows personalized treatment with 6 customizable intensities and 3 massage settings.,kiwi-derma-collection
3 Adamas diamond microdermabrasion tips,kiwi-derma-collection
General manual,kiwi-derma-collection
Microdermabrasion,kiwi-derma-collection
Vacuum suction,kiwi-derma-collection
"Sustainable Premium quality & a product life of years, with no replacement parts required. Ever.",kiwi-derma-collection
Sustainable,kiwi-derma-collection
"Premium quality & a product life of years, with no replacement parts required. Ever.",kiwi-derma-collection
Cruelty-free & Vegan No animals were used in the development and testing of this product.,kiwi-derma-collection
No animals were used in the development and testing of this product.,kiwi-derma-collection
Staggering battery life USB rechargeable with up to 120 minutes of use per single charge.,kiwi-derma-collection
Staggering battery life,kiwi-derma-collection
USB rechargeable with up to 120 minutes of use per single charge.,kiwi-derma-collection
Ultra-hygienic Made of bacteria-resistant silicone and medical-grade steel.,kiwi-derma-collection
Ultra-hygienic,kiwi-derma-collection
Made of bacteria-resistant silicone and medical-grade steel.,kiwi-derma-collection
Perfectly preps pores to remove blackheads,kiwi-derma-collection
"Soften skin and loosen stubborn impurities that have accumulated and hardened in your pores over time with this creamy formula, rich in detoxifying clays and a potent plant oil complex.",kiwi-derma-collection
"This pore-cleansing mask is the perfect prep step before using your KIWITM Blackhead Remover Pore Vacuum device, and essential for faster skin-purifying results.",kiwi-derma-collection
"Thoroughly cleanse and dry your face. For optimal results, we recommend using FOREO’s LUNA™ Facial Cleansing Massager with Micro-Foam Cleanser.",kiwi-derma-collection
Select preferences,kiwi-derma-collection
"Press the universal button to turn on KIWI™ derma. Adjust the vacuum suction intensity by pressing the button again, once for each level. Access more settings via the FOREO app. Download app",kiwi-derma-collection
Refine & rejuvenate,kiwi-derma-collection
"Gently hold skin taut. Then press the tip of the device flat against your skin, and quickly glide across your face in upward motions.",kiwi-derma-collection
KIWI™ derma Replacement Tip - Medium,kiwi-derma-collection
Pore care devices,kiwi-derma-collection
KIWI™ derma KIWI™ derma Diamond microdermabrasion € 169 Geo Stock test,kiwi-derma-collection
KIWI™ KIWI™ Blackhead remover € 139 € 119 SAVE € 20 Geo Stock test,kiwi-derma-collection
Everything your face desires,shop_skincare
"Experience remarkable transformations with FOREO's pro-level skincare essentials. Effortlessly eliminate the day's impurities and makeup residue, revealing a refreshed, revitalized, and irresistibly soft complexion. Take your skincare routine to unparalleled heights by embracing FOREO's range of deeply moisturizing cleansers, hydration-boosting masks, youth-preserving serums, and much more.",shop_skincare
FAQ™ Glass Skin Collagen Hydrogel Face Mask (5x),shop_skincare
With enhanced ingredient delivery. A two-piece design for a better fit. Compatible with LED treatments.,shop_skincare
SUPERCHARGED™ Overnight Skin Repair Face Oil,shop_skincare
"Improves the look of wrinkles, redness and pores while you sleep.",shop_skincare
FAQ™ Scalp Recovery & Thick Hair Probiotic Serum,shop_skincare
"A lightweight leave-in scalp serum that promotes thicker, healthier hair.",shop_skincare
SUPERCHARGED™ Triple-Action Firming Serum,shop_skincare
"Smooths the look of fine lines & wrinkles, boosts elasticity & strengthens skin. With Collagen Peptide Complex & HPR.",shop_skincare
KIWI™ Pore Minimizing Toner Pads,shop_skincare
"Korean toner pads that minimize pores, calm redness, balance pH level & strengthen the skin barrier.",shop_skincare
KIWI™ Oil Control Mattifying Moisturizer,shop_skincare
"Reduce excess sebum & minimize pores, for a smooth matte finish. The perfect makeup base for oily skin.",shop_skincare
Clear skin starts with clean pores,shop_skincare
SUPERCHARGED™ Serum 2.0,shop_skincare
A luxurious youth-preserving formula that leaves you with a timeless radiance.,shop_skincare
SUPERCHARGED™ Barrier Restoring Essence Mist,shop_skincare
Instantly revitalize tired skin,shop_skincare
Anti-cellulite treatment for a tighter and more toned look.,shop_skincare
SUPERCHARGED™ Ultra-Hydrating Sleeping Mask,shop_skincare
For a soft and dewy complexion every single morning.,shop_skincare
SUPERCHARGED™ Eye & Lip Contour Booster,shop_skincare
"A conductive, hyper-concentrated serum that brightens the eye area & highlights lips.",shop_skincare
FAQ™ Microneedling Patches for Under Eyes (3x),shop_skincare
"Non-invasive, anti-wrinkle under-eye patches that work like a skin filler, reducing dark circles overnight.",shop_skincare
FAQ™ Microneedling Patches for Forehead (3x),shop_skincare
"Non-invasive, anti-wrinkle forehead patch that works like a skin filler, reducing frown lines overnight.",shop_skincare
LUNA™ Ultra-Nourishing Cleansing Balm,shop_skincare
A gentle yet effective makeup & sunscreen remover.,shop_skincare
"Lifts away dirt, oil, and makeup, leaving skin feeling fresh and clean.",shop_skincare
LUNA™ Dual-Peptide Scalp Serum,shop_skincare
"Strengthens hair shaft, reduces breakage, and protects the scalp.",shop_skincare
IRIS™ Hydrating Hydrogel Eye Mask,shop_skincare
"Soothing and cooling under-eye patches that help to depuff, firm, and brighten the eye area.",shop_skincare
IRIS™ Firming PM Eye Serum,shop_skincare
Reduce wrinkles & fine lines while you dream.,shop_skincare
IRIS™ C-Concentrated Brightening Eye Cream,shop_skincare
Antioxidant-rich eye cream to reduce dark circles & under-eye bags.,shop_skincare
IRIS™ Pro-Strength Eyelash Serum,shop_skincare
"For volume, protection, strength & growth.",shop_skincare
Cooling IPL hair removal gel.,shop_skincare
Clinically proven to reduce blemishes in just 3 days.,shop_skincare
FAQ™ P1,shop_skincare
Made with real manuka honey for a soft & elastic skin.,shop_skincare
Call It a Night UFO™ mask,shop_skincare
"Deeply nourishes skin while you sleep, leaving it irresistibly soft and smooth.",shop_skincare
Make My Day UFO™ mask,shop_skincare
Instantly infuses moisture into the skin and protects it from environmental stressors.,shop_skincare
Youth Junkie 2.0 UFO™ mask,shop_skincare
Smoothes and plumps skin for a youthful radiance.,shop_skincare
Glow Addict 2.0 UFO™ mask,shop_skincare
"Illuminates dull skin for a healthy, radiant glow.",shop_skincare
H2Overdose 2.0 UFO™ mask,shop_skincare
An intensive infusion of moisture to hydrate and replenish thirsty skin.,shop_skincare
Matte Maniac 2.0 UFO™ mask,shop_skincare
"Mattifies and purifies for clean, healthy-looking skin.",shop_skincare
Shimmer Freak 2.0 UFO™ mask,shop_skincare
"For eyes that look refreshed, with an added hint of shimmer.",shop_skincare
Manuka Honey UFO™ activated mask (6x),shop_skincare
"Nourish & rejuvenate dry, dehydrated skin for a radiant glow.",shop_skincare
Bulgarian Rose UFO™ activated mask (6x),shop_skincare
"Ideal for dull, dehydrated skin in need of replenishment.",shop_skincare
Green Tea UFO™ activated mask (6x),shop_skincare
"Purifies and soothes for a fresh, healthy complexion.",shop_skincare
Acai Berry UFO™ activated mask (6x),shop_skincare
Smooths and plumps while fighting oxidative damage.,shop_skincare
Coconut Oil UFO™ activated mask (6x),shop_skincare
"Moisturizes, nourishes & protects softer, smoother skin.",shop_skincare
Green Tea sheet mask (3x),shop_skincare
Get radiant skin with this potent antioxidant mask.,shop_skincare
Manuka Honey sheet mask (3x),shop_skincare
Prevent the signs of aging. In just 20 minutes.,shop_skincare
Acai Berry sheet mask (3x),shop_skincare
An antioxidant-rich superfood for ultra-smooth skin.,shop_skincare
Bulgarian Rose sheet mask (3x),shop_skincare
Transform dull & dry skin with this rose water sheet mask.,shop_skincare
Coconut Oil sheet mask (3x),shop_skincare
Nourishing face sheet mask infused with natural coconut oil and coconut water.,shop_skincare
Silicone Applicator,shop_skincare
"Ultra-hygienic, dual-sided, cruelty-free applicator for all skin types.",shop_skincare
FOREO Gift Box,shop_skincare
Big (11.8 × 19.3 × 25.2 cm) & Small (21.5 × 16.5 × 5.5 cm) gift boxes for the final touch to your gift.,shop_skincare
FAQ™ Red Light Peptide Serum,shop_skincare
"Expertly formulated to work with your LED therapy, amplifying and accelerating its effects. Enriched with light‑reactive Peptides, Sea Daffodil, Hyaluronic Acid, and Green Tea Extract.",shop_skincare
SUPERCHARGED™ HA+PGA Triple-Action Intense Moisturizer,shop_skincare
Hyper-hydration. Into the deep.,shop_skincare
Cleanse. Shave. Treat blemishes. Smile.,men-collection
A new level of luxury for the modern man,men-collection
"Life's too short for boring skincare products. Introduce luxury into your routine and glow like never before with revolutionary FOREO beauty-tech devices. Remove 99% of dirt, oil & sweat. Prevent breakouts. Treat acne-prone skin, get brighter teeth and a fresher mouth. Embrace FOREO skincare products today!",men-collection
FAQ™ 301,men-collection
Innovative red LED light therapy device to combat hair loss by promoting regrowth & strengthening hair.,men-collection
LUNA™ 4 MEN,men-collection
2-in-1 smart facial cleansing & firming for skin & beard.,men-collection
UFO™ 2,men-collection
5-in-1 spa device for deep hydration & better absorption of active ingredients.,men-collection
Ultra-hygienic massaging body brush.,men-collection
IRIS™ 2,men-collection
Rejuvenating eye massager – reduces dark circles and firms skin under eyes.,men-collection
ISSA™ Hybrid Wave Brush Head,men-collection
Silicone + PBT Polymer Hybrid for a more dynamic clean,men-collection
Silicone Cleaning Spray,men-collection
Fast-acting formula that cleans all FOREO devices and extends their durability.,men-collection
Replacement Charger,men-collection
Replacement charger for your FOREO devices.,men-collection
UFO Replacement Attachment Ring,men-collection
Replacement attachment ring for your UFO™ .,men-collection
Check all FOREO products,shop-all
Where self-care meets self-love — find every single FOREO product you could wish for. Enjoy and collect all the beautiful things that can turn a blah day into a spa day!,shop-all
"An anti-static hairbrush with hair care benefits of 3 colors of LED light therapy for easy detangling, reduced breakage, and glossier, stronger, and smoother hair.",shop-all
FLIP™ play advanced LED light hairbrush bundle,shop-all
FAQ™ 202 plus,shop-all
"Clinically proven to reduce wrinkles by 32%, and significantly improve skin firmness and elasticity in just 2 weeks.",shop-all
FAQ™ 202,shop-all
Red light therapy face mask to reduce wrinkles and significantly improve firmness and elasticity.,shop-all
FAQ™ 202 Bundle,shop-all
FAQ™ 502,shop-all
"The world's first full-spectrum red light therapy with NIR. Mimics the sun’s natural healing wavelengths, delivering broad and narrow light while filtering out UV and blue.",shop-all
FAQ™ 501,shop-all
"The world’s first full spectrum red light therapy device for skin rejuvenation. Harnesses the healing power of sunlight, minus the harmful rays.",shop-all
FAQ™ Dual LED Panel,shop-all
"The gold standard in LED panels. With 5 clinically proven wavelengths, diamond‑shaped lenses & extremely powerful LEDs. Designed for face & body.",shop-all
FAQ™ LED Panel,shop-all
Superior LED panel with 5 clinically proven wavelengths & revolutionary diamond‑shaped lenses. Designed for complete skin coverage.,shop-all
issa™ 4,shop-all
The world's first hybrid sonic toothbrush. Clinically proven to remove 30% more plaque.,shop-all
issa™ 4 plus,shop-all
"With AI-powered intensity control & a revolutionary hybrid brush head for deep cleaning, gum protection, and plaque reduction.",shop-all
issa™ 4 smile,shop-all
"Ultra-hygienic hybrid silicone sonic toothbrush, clinically proven to improve oral hygiene by 140% in just 1 month.",shop-all
issa™ 4 baby,shop-all
The toothbrush that makes both you & your baby smile.,shop-all
issa™ baby Brush Head,shop-all
Designed with love for your little one. Ultra-soft silicone brush head gently cleans tiny teeth and soothes sensitive gums. Safe for babies 0-3.,shop-all
FAQ™ 402,shop-all
"The world’s first anti-aging device with dual microcurrent, NIR, and red light therapy - repairing multiple skin layers and deep tissues while strengthening the muscles beneath.",shop-all
FAQ™ 411,shop-all
"A microcurrent and red LED body toning device that firms, boosts collagen, enhances microcirculation, and reduces cellulite.",shop-all
FAQ™ 401,shop-all
Dual microcurrent facial device with red and blue LED light therapy that lifts and contours facial muscles while combating wrinkles.,shop-all
FAQ™ Body Sculpt Serum,shop-all
"A conductive body serum specifically designed for microcurrent devices. It also helps reduce the appearance of cellulite, leaving the skin smoother and firmer.",shop-all
"The world’s 1st professional IPL device for at-home use, with supreme power, ultra-large treatment window, and skin cooling system.",shop-all
"Purifies the scalp, strengthens hair strands, and stimulates the growth of new hair.",shop-all
FAQ™ 211,shop-all
The ultimate anti-aging solution to target sagging skin and wrinkles.,shop-all
FAQ™ 221,shop-all
"Eliminates wrinkles & age spots, while improving firmness and elasticity.",shop-all
"Safe, painless and non-invasive alternative to facelifts and botox.",shop-all
BEAR™ 2 Bundle,shop-all
"The only anti-aging device to feature 4 types of microcurrent and Anti-Shock System™, designed to lift and firm the face and neck.",shop-all
"Effortless hair removal anytime, anywhere.",shop-all
IPL hair removal device,shop-all
"Exfoliate away scars, age spots, wrinkles & dullness.",shop-all
"The fastest, safest, and most efficient way to remove blackheads and clear pores.",shop-all
BEAR™ 2 go,shop-all
"Snatched skin anytime, anywhere with this travel-ready microcurrent device.",shop-all
BEAR™ 2 eyes & lips Bundle,shop-all
Precision microcurrent for eye & lip contours,shop-all
BEAR™ 2 eyes & lips,shop-all
The best alternative to botox. Firm eye contour. Plump lips. Lift brows. In just 1 week.,shop-all
Eliminate stubborn cellulite with ease and get a more sculpted physique.,shop-all
Like an iron for your wrinkles. Clinically proven to reduce wrinkles in just 1 week.,shop-all
UFO™ 3 Bundle,shop-all
Hyper-Infusion masking with full-spectrum LED therapy,shop-all
UFO™ 3 LED,shop-all
A revolutionary NIR and red light therapy facial device clinically proven to reduce wrinkles in just 1 week.,shop-all
UFO™ 3 mini,shop-all
"Your 2 min quick-fix for happy, energized and radiant skin.",shop-all
UFO™ 3 go,shop-all
"On-the-go deep facial hydration device that leaves you with a healthy, happy & hydrated complexion in just 2 mins.",shop-all
Sensitive Skin,shop-all
LUNA™ 4,shop-all
Best-selling 2-in-1 smart facial cleansing & firming device.,shop-all
Balanced Skin,shop-all
Combination Skin,shop-all
Smart cleansing device with T-Sonic™ & firming massage,shop-all
Treats and heals spot-prone skin and regulates sebum production.,shop-all
Normal Skin,shop-all
LUNA™ 4 plus,shop-all
"Near-infrared, red LED cleansing & microcurrent. For aging skin.",shop-all
LUNA™ 4 mini,shop-all
Dual-sided facial cleansing massager.,shop-all
LUNA™ 4 go,shop-all
Travel-friendly facial cleansing & massaging device.,shop-all
FAQ™ 101,shop-all
A powerful fusion of professional & home beauty.,shop-all
FAQ™ 102,shop-all
"FAQ™ 102 delivers EMS, RF & LED light therapy to the face & neck, to tone muscles, accelerate collagen production, and revitalize skin.",shop-all
FAQ™ 103 Diamond Set,shop-all
At-home professional facial rejuvenation.,shop-all
FAQ™ 201,shop-all
Red light therapy to reduce wrinkles and significantly improve firmness and elasticity.,shop-all
BEAR™,shop-all
"Microcurrent facelift device that tightens and firms, providing a reverse-aging effect.",shop-all
Combination skin,shop-all
LUNA™ 3,shop-all
Soft silicone facial cleansing brush for every skin type.,shop-all
Normal skin,shop-all
LUNA™ 3 plus,shop-all
Thermo-facial cleansing brush that lifts your face with microcurrent.,shop-all
Sensitive skin,shop-all
BEAR™ mini,shop-all
A compact facial toning device for targeted treatment of wrinkle-prone areas.,shop-all
UFO™ mini 2,shop-all
Compact facial spa device that unlocks the full value of masks.,shop-all
IRIS™,shop-all
"Eye massager that removes wrinkles, puffiness, dark circles, and under-eye bags.",shop-all
LUNA™ mini 3,shop-all
Compact dual-sided facial cleansing brush for all skin types.,shop-all
LUNA™ play smart 2,shop-all
Facial cleansing device with smart skin sensors to create individual routines.,shop-all
LUNA™ play plus 2,shop-all
Tiny but mighty facial cleansing brush for skincare on the go.,shop-all
ISSA™ kids,shop-all
Establish good oral hygiene habits and make brushing fun. For kids 5-12.,shop-all
ISSA™ baby,shop-all
Sonic toothbrush that soothes gum irritation. For babies 0-4.,shop-all
ISSA™ mini Hybrid Brush Head,shop-all
The mini version of the hybrid brush head – silicone + PBT polymer bristles.,shop-all
ISSA™ mini Sensitive Brush Head,shop-all
The mini version of the softest ISSA™ brush head made from medical-grade silicone.,shop-all
FAQ™ LED Panel Protective Sleeve,shop-all
Effortless Protection. Elevated Style.,shop-all
FAQ™ 200 Travel Case,shop-all
Premium LED Face Mask Travel Case,shop-all
KIWI™ derma Replacement Tip - Small,shop-all
Precisely exfoliates the T-zone area.,shop-all
KIWI™ derma Replacement Tip - Large,shop-all
Gently exfoliates the cheeks & sensitive areas.,shop-all
KIWI™ Replacement Tip,shop-all
Medical-grade steel tip for your KIWI™ blackhead remover pore vacuum device.,shop-all
UFO™ Display Stand,shop-all
Holder for your favourite UFO™ deep hydration device,shop-all
FAQ™ Silicone Cleaning Spray,shop-all
Maintains the device’s cleanliness by killing 99.9% of bacteria and other microbes.,shop-all
PEACH™ 2 power cable with 4 plug adaptors,shop-all
Power cable with 4 plug adaptors.,shop-all
PEACH™ 2 Pro Max Power Cable,shop-all
Power cable with 4 plug adapters.,shop-all
FAQ™ Charger USB,shop-all
Compatible with all your FAQ™ devices,shop-all
